partner_x10,team_x10,team_name,user_x10
79,7,TCR,
80,27,CLT 1,
82,54,CLT 2,
84,5,CLT 2,
85,5,CLT 2,
89,5,CLT 2,
90,,,15
94,5,CLT 2,
95,5,CLT 2,
96,5,CLT 2,
97,27,CLT 1,
98,5,CLT 2,
100,6,KTM,
102,5,CLT 2,
103,19,EPT,
105,22,GNRL,
106,10,MLPM,
109,5,CLT 2,
110,,,11
111,5,CLT 2,
112,5,CLT 2,
113,5,CLT 2,
115,10,MLPM,
116,11,PLKD,
121,11,PLKD,
122,13,KLM,
124,13,KLM,
128,7,TCR,
130,27,CLT 1,20
231,10,MLPM,
240,10,MLPM,
243,5,CLT 2,
249,5,CLT 2,
256,6,KTM,14
260,13,KLM,
263,,,18
266,2,EKM2,
269,,,14
273,6,KTM,
277,,,15
281,,,18
282,19,EPT,
286,19,EPT,8
287,2,EKM2,
290,3,PK,11
292,,,10
293,1,EKM1,10
297,2,EKM2,9
299,11,PLKD,19
304,,,9
305,9,ALPY,17
309,12,TVM,20
310,12,TVM,20
311,33,MVPA,25
312,30,PMA,12
313,30,PMA,12
314,30,PMA,12
317,4,KYLM,12
318,19,EPT,12
319,19,EPT,8
324,30,PMA,14
327,11,PLKD,19
328,7,TCR,19
330,7,TCR,9
331,2,EKM2,9
332,19,EPT,8
333,1,EKM1,10
334,1,EKM1,10
335,3,PK,11
338,1,EKM1,12
340,11,PLKD,10
341,3,PK,11
342,33,MVPA,8
343,12,TVM,20
344,22,GNRL,20
345,,,17
346,19,EPT,17
348,6,KTM,16
349,,,16
350,22,GNRL,10
355,19,EPT,8
356,19,EPT,8
357,19,EPT,8
359,19,EPT,11
360,3,PK,8
361,7,TCR,16
362,13,KLM,11
363,7,TCR,15
364,7,TCR,15
367,7,TCR,15
368,7,TCR,15
369,13,KLM,21
371,13,KLM,21
372,,,21
373,13,KLM,21
374,13,KLM,
376,13,KLM,21
378,7,TCR,15
379,7,TCR,
380,12,TVM,20
381,13,KLM,20
383,13,KLM,21
384,5,CLT 2,15
385,13,KLM,21
388,19,EPT,11
390,6,KTM,11
392,33,MVPA,25
396,7,TCR,15
397,7,TCR,15
400,14,CMBR 1,11
401,6,KTM,14
403,13,KLM,21
404,13,KLM,21
405,5,CLT 2,
407,27,CLT 1,
408,27,CLT 1,
409,6,KTM,14
411,3,PK,11
412,3,PK,11
413,3,PK,11
414,8,TCR 2,15
419,7,TCR,15
420,3,PK,11
421,3,PK,11
422,6,KTM,14
423,,,14
424,9,ALPY,17
425,9,ALPY,17
426,9,ALPY,17
427,11,PLKD,19
428,11,PLKD,19
429,11,PLKD,19
430,6,KTM,14
431,6,KTM,14
432,6,KTM,14
433,14,CMBR 1,11
434,1,EKM1,10
435,2,EKM2,9
436,2,EKM2,9
438,11,PLKD,19
441,4,KYLM,12
443,12,TVM,20
444,33,MVPA,25
446,6,KTM,14
447,27,CLT 1,
448,27,CLT 1,
449,3,PK,11
450,3,PK,11
451,3,PK,11
453,3,PK,11
454,3,PK,11
455,,,11
456,14,CMBR 1,11
457,22,GNRL,18
460,7,TCR,15
461,7,TCR,15
462,7,TCR,15
463,14,CMBR 1,11
464,1,EKM1,10
466,1,EKM1,10
467,1,EKM1,10
468,2,EKM2,9
469,9,ALPY,10
470,,,10
471,2,EKM2,10
472,6,KTM,8
473,12,TVM,20
474,27,CLT 1,
477,10,MLPM,18
478,3,PK,11
481,6,KTM,14
482,6,KTM,14
483,6,KTM,14
484,19,EPT,8
485,2,EKM2,10
487,2,EKM2,10
488,19,EPT,8
489,12,TVM,20
490,12,TVM,20
491,,,15
498,7,TCR,15
499,33,MVPA,25
501,8,TCR 2,15
503,7,TCR,15
504,27,CLT 1,
505,1,EKM1,10
506,2,EKM2,9
507,19,EPT,8
509,13,KLM,21
511,3,PK,11
513,9,ALPY,17
515,9,ALPY,17
516,33,MVPA,25
519,4,KYLM,12
520,22,GNRL,14
521,19,EPT,8
522,9,ALPY,8
523,2,EKM2,10
524,2,EKM2,9
526,2,EKM2,9
527,2,EKM2,9
529,6,KTM,14
530,6,KTM,14
531,6,KTM,14
532,12,TVM,20
533,3,PK,11
534,22,GNRL,11
535,3,PK,11
537,3,PK,11
539,23,TVM 2,20
540,7,TCR,15
541,9,ALPY,17
543,6,KTM,14
544,1,EKM1,10
545,7,TCR,15
546,,,10
548,3,PK,11
549,8,TCR 2,15
551,9,ALPY,17
552,11,PLKD,19
553,22,GNRL,19
558,5,CLT 2,11
559,6,KTM,14
561,6,KTM,14
566,22,GNRL,25
570,2,EKM2,9
571,7,TCR,16
573,,,8
574,19,EPT,8
576,7,TCR,16
578,,,16
579,5,CLT 2,16
582,7,TCR,16
585,5,CLT 2,
588,13,KLM,21
589,13,KLM,21
590,13,KLM,21
592,,,21
593,9,ALPY,17
594,10,MLPM,18
595,10,MLPM,18
597,11,PLKD,19
598,,,14
602,6,KTM,14
605,22,GNRL,
608,2,EKM2,9
609,33,MVPA,25
610,2,EKM2,9
612,6,KTM,14
613,7,TCR,10
615,6,KTM,14
616,,,19
618,7,TCR,15
619,11,PLKD,19
620,1,EKM1,10
621,2,EKM2,9
623,,,8
626,9,ALPY,17
627,9,ALPY,17
630,22,GNRL,25
631,19,EPT,8
632,2,EKM2,9
635,22,GNRL,
636,27,CLT 1,9
637,2,EKM2,9
638,7,TCR,15
639,11,PLKD,19
640,33,MVPA,11
641,19,EPT,8
643,6,KTM,14
645,6,KTM,14
647,7,TCR,15
648,6,KTM,14
649,6,KTM,14
651,6,KTM,14
652,2,EKM2,9
653,33,MVPA,8
654,19,EPT,8
655,19,EPT,8
657,9,ALPY,17
661,12,TVM,20
662,23,TVM 2,20
663,22,GNRL,15
666,3,PK,11
669,22,GNRL,11
670,9,ALPY,9
671,2,EKM2,9
673,2,EKM2,
674,13,KLM,21
675,2,EKM2,9
676,4,KYLM,28
677,6,KTM,
678,13,KLM,21
679,6,KTM,
680,6,KTM,
683,22,GNRL,
684,19,EPT,8
688,22,GNRL,
690,7,TCR,15
692,19,EPT,8
695,2,EKM2,9
696,2,EKM2,9
697,1,EKM1,10
698,2,EKM2,9
699,11,PLKD,19
700,10,MLPM,
701,13,KLM,21
704,10,MLPM,21
705,12,TVM,20
707,9,ALPY,17
709,3,PK,11
711,7,TCR,15
714,2,EKM2,9
715,2,EKM2,9
717,11,PLKD,19
719,2,EKM2,9
720,12,TVM,20
721,12,TVM,20
722,12,TVM,20
723,7,TCR,
724,8,TCR 2,15
725,4,KYLM,28
726,,,15
729,3,PK,11
730,6,KTM,14
731,10,MLPM,18
733,3,PK,11
734,62,KEK,8
735,19,EPT,8
736,19,EPT,8
737,19,EPT,8
738,11,PLKD,
739,4,KYLM,
741,11,PLKD,19
742,13,KLM,21
744,19,EPT,
746,19,EPT,8
747,4,KYLM,28
748,3,PK,11
750,2,EKM2,9
751,,,9
752,2,EKM2,9
753,2,EKM2,9
754,22,GNRL,
755,1,EKM1,10
759,30,PMA,28
760,7,TCR,15
762,30,PMA,28
768,3,PK,
769,7,TCR,15
774,9,ALPY,17
776,,,17
781,,,20
782,10,MLPM,
783,10,MLPM,18
784,27,CLT 1,
785,5,CLT 2,
795,2,EKM2,9
800,1,EKM1,10
801,1,EKM1,
802,9,ALPY,17
803,3,PK,11
804,13,KLM,21
805,13,KLM,
806,13,KLM,
807,19,EPT,8
808,7,TCR,15
809,7,TCR,15
810,7,TCR,15
811,7,TCR,15
816,6,KTM,
817,13,KLM,17
818,9,ALPY,17
820,,,10
821,5,CLT 2,
822,5,CLT 2,
824,7,TCR,15
825,7,TCR,15
827,12,TVM,20
828,10,MLPM,18
829,10,MLPM,
831,7,TCR,15
834,7,TCR,15
836,7,TCR,
838,,,15
840,13,KLM,21
841,13,KLM,
843,23,TVM 2,20
845,10,MLPM,18
846,9,ALPY,
847,9,ALPY,17
848,7,TCR,15
849,27,CLT 1,
850,5,CLT 2,
851,22,GNRL,
853,13,KLM,
854,19,EPT,8
856,62,KEK,14
857,3,PK,11
858,22,GNRL,1
859,2,EKM2,9
860,9,ALPY,8
861,7,TCR,15
863,7,TCR,15
864,7,TCR,15
868,12,TVM,20
869,12,TVM,20
870,13,KLM,21
871,22,GNRL,21
872,33,MVPA,1
875,5,CLT 2,
878,13,KLM,21
879,7,TCR,15
880,7,TCR,15
881,19,EPT,8
882,6,KTM,8
883,19,EPT,8
884,19,EPT,8
885,6,KTM,14
886,1,EKM1,10
887,33,MVPA,8
888,4,KYLM,28
889,33,MVPA,27
890,13,KLM,21
891,,,17
892,,,20
893,12,TVM,20
895,12,TVM,20
896,7,TCR,15
897,13,KLM,21
898,62,KEK,8
899,1,EKM1,10
900,9,ALPY,17
901,7,TCR,15
902,5,CLT 2,
903,7,TCR,15
904,12,TVM,
905,9,ALPY,17
906,11,PLKD,19
907,11,PLKD,19
910,7,TCR,15
911,7,TCR,15
912,7,TCR,15
913,9,ALPY,17
914,30,PMA,28
915,14,CMBR 1,22
916,13,KLM,21
917,22,GNRL,1
918,6,KTM,14
919,4,KYLM,28
920,5,CLT 2,
921,4,KYLM,1
922,6,KTM,14
923,12,TVM,20
924,10,MLPM,18
925,33,MVPA,11
926,1,EKM1,10
927,9,ALPY,17
928,12,TVM,20
929,11,PLKD,19
930,8,TCR 2,15
931,19,EPT,8
932,62,KEK,8
933,6,KTM,14
934,6,KTM,
935,,,1
936,23,TVM 2,20
938,1,EKM1,15
940,10,MLPM,18
941,19,EPT,8
942,3,PK,11
943,3,PK,11
945,27,CLT 1,
946,10,MLPM,27
947,13,KLM,21
948,6,KTM,14
949,6,KTM,14
950,9,ALPY,17
951,11,PLKD,19
953,10,MLPM,18
954,22,GNRL,
955,2,EKM2,9
956,2,EKM2,9
957,1,EKM1,10
958,1,EKM1,10
959,6,KTM,14
961,12,TVM,20
963,7,TCR,15
965,7,TCR,15
967,7,TCR,15
969,10,MLPM,
971,1,EKM1,10
972,12,TVM,20
973,19,EPT,
974,7,TCR,15
975,7,TCR,
976,27,CLT 1,
977,27,CLT 1,
980,22,GNRL,
981,62,KEK,14
982,3,PK,11
983,3,PK,11
984,3,PK,11
985,2,EKM2,9
989,,,9
990,1,EKM1,11
993,10,MLPM,
994,19,EPT,8
996,,,12
999,4,KYLM,12
1000,13,KLM,21
1001,13,KLM,
1002,7,TCR,15
1004,2,EKM2,
1006,2,EKM2,
1007,6,KTM,
1009,9,ALPY,
1010,6,KTM,
1011,9,ALPY,
1012,10,MLPM,
1013,19,EPT,
1014,3,PK,
1015,3,PK,
1016,8,TCR 2,
1022,23,TVM 2,
1023,12,TVM,
1024,2,EKM2,
1025,19,EPT,
1026,7,TCR,
1027,11,PLKD,
1028,54,CLT 2,
1029,22,GNRL,
1030,4,KYLM,
1031,5,CLT 2,
1033,10,MLPM,
1034,10,MLPM,
1035,10,MLPM,
1036,10,MLPM,
1037,6,KTM,
1038,7,TCR,
1039,13,KLM,
1040,6,KTM,
1043,2,EKM2,
1044,6,KTM,
1045,9,ALPY,
1046,9,ALPY,
1047,9,ALPY,
1048,9,ALPY,17
1050,11,PLKD,
1051,11,PLKD,
1052,12,TVM,
1053,12,TVM,
1056,27,CLT 1,
1057,54,CLT 2,
1059,9,ALPY,11
1064,2,EKM2,
1069,19,EPT,
1072,13,KLM,
1073,13,KLM,
1077,13,KLM,
1078,13,KLM,
1080,6,KTM,
1081,13,KLM,
1082,6,KTM,
1083,6,KTM,
1084,19,EPT,
1086,3,PK,
1089,7,TCR,
1090,30,PMA,
1091,3,PK,
1093,7,TCR,
1094,7,TCR,
1095,13,KLM,
1096,13,KLM,
1097,13,KLM,
1099,3,PK,
1101,13,KLM,
1104,10,MLPM,
1105,12,TVM,
1106,12,TVM,
1108,5,CLT 2,
1111,12,TVM,
1113,13,KLM,
1116,13,KLM,
1117,13,KLM,
1118,11,PLKD,
1119,7,TCR,
1120,9,ALPY,
1121,3,PK,
1124,2,EKM2,
1125,12,TVM,
1126,11,PLKD,
1127,13,KLM,
1128,13,KLM,
1130,13,KLM,
1131,7,TCR,
1132,6,KTM,
1133,6,KTM,
1134,12,TVM,
1135,9,ALPY,
1137,4,KYLM,
1138,7,TCR,
1141,9,ALPY,
1142,19,EPT,
1143,3,PK,
1144,12,TVM,
1148,6,KTM,
1149,22,GNRL,
1151,3,PK,
1152,19,EPT,
1153,33,MVPA,
1154,19,EPT,
1155,1,EKM1,
1156,23,TVM 2,
1157,5,CLT 2,
1160,8,TCR 2,
1161,5,CLT 2,
1162,13,KLM,
1164,2,EKM2,
1165,33,MVPA,
1166,12,TVM,
1167,12,TVM,
1168,10,MLPM,
1171,2,EKM2,
1172,19,EPT,
1173,30,PMA,
1174,1,EKM1,
1175,3,PK,
1176,9,ALPY,
1177,3,PK,
1178,13,KLM,
1180,12,TVM,
1182,9,ALPY,
1183,10,MLPM,
1185,19,EPT,
1187,3,PK,
1188,,,9
1189,12,TVM,
1191,12,TVM,
1192,7,TCR,
1195,22,GNRL,
1196,9,ALPY,
1197,12,TVM,
1198,3,PK,
1200,6,KTM,
1201,2,EKM2,
1202,9,ALPY,
1203,7,TCR,
1204,7,TCR,
1205,12,TVM,
1206,6,KTM,
1207,9,ALPY,
1208,12,TVM,
1209,3,PK,
1210,3,PK,
1211,2,EKM2,
1212,4,KYLM,
1213,7,TCR,
1214,1,EKM1,
1215,11,PLKD,
1216,7,TCR,
1217,7,TCR,
1218,3,PK,
1219,2,EKM2,
1221,7,TCR,
1225,13,KLM,
1228,8,TCR 2,
1229,7,TCR,
1231,9,ALPY,
1232,5,CLT 2,
1234,12,TVM,
1235,8,TCR 2,
1236,5,CLT 2,
1237,9,ALPY,
1238,7,TCR,
1239,11,PLKD,
1240,6,KTM,
1241,11,PLKD,
1242,22,GNRL,
1244,11,PLKD,
1245,5,CLT 2,
1246,22,GNRL,
1248,19,EPT,
1249,30,PMA,
1250,11,PLKD,
1251,12,TVM,
1252,12,TVM,
1253,19,EPT,
1254,11,PLKD,
1255,7,TCR,
1256,1,EKM1,
1261,13,KLM,
1262,8,TCR 2,
1263,12,TVM,
1264,13,KLM,
1265,7,TCR,
1266,13,KLM,
1268,7,TCR,
1269,1,EKM1,
1270,6,KTM,
1271,22,GNRL,
1273,7,TCR,
1274,12,TVM,
1276,22,GNRL,
1278,5,CLT 2,
1279,10,MLPM,
1280,2,EKM2,
1283,3,PK,
1284,11,PLKD,
1285,9,ALPY,
1286,1,EKM1,
1287,11,PLKD,
1288,11,PLKD,
1289,2,EKM2,
1290,2,EKM2,
1291,1,EKM1,
1292,7,TCR,
1293,1,EKM1,
1294,62,KEK,
1295,3,PK,
1296,2,EKM2,
1297,10,MLPM,
1298,26,KNR,
1299,11,PLKD,
1300,9,ALPY,
1301,7,TCR,
1302,12,TVM,
1303,13,KLM,
1304,2,EKM2,
1305,7,TCR,
1309,11,PLKD,
1311,10,MLPM,
1312,10,MLPM,
1315,1,EKM1,
1316,3,PK,
1318,2,EKM2,
1320,27,CLT 1,
1321,11,PLKD,
1322,10,MLPM,
1323,5,CLT 2,
1325,7,TCR,
1327,3,PK,
1329,4,KYLM,
1330,22,GNRL,
1331,13,KLM,
1332,11,PLKD,
1333,9,ALPY,
1334,3,PK,
1337,7,TCR,
1338,22,GNRL,
1339,22,GNRL,
1340,12,TVM,
1341,27,CLT 1,
1342,27,CLT 1,
1343,10,MLPM,
1344,4,KYLM,
1347,8,TCR 2,
1349,10,MLPM,
1350,13,KLM,
1351,6,KTM,
1352,6,KTM,
1353,10,MLPM,
1354,12,TVM,
1356,13,KLM,
1357,19,EPT,
1358,13,KLM,
1359,30,PMA,
1361,7,TCR,
1363,1,EKM1,
1364,3,PK,
1365,5,CLT 2,
1367,27,CLT 1,
1368,11,PLKD,
1369,5,CLT 2,
1370,12,TVM,
1371,6,KTM,
1372,22,GNRL,
1373,7,TCR,
1374,12,TVM,
1375,3,PK,
1376,30,PMA,
1377,12,TVM,
1378,12,TVM,
1379,4,KYLM,
1380,1,EKM1,
1382,12,TVM,
1383,12,TVM,
1384,8,TCR 2,
1385,12,TVM,
1387,7,TCR,
1388,7,TCR,
1389,13,KLM,
1390,7,TCR,
1391,6,KTM,
1392,8,TCR 2,
1393,22,GNRL,
1395,10,MLPM,
1396,13,KLM,
1397,13,KLM,
1398,5,CLT 2,
1400,4,KYLM,
1401,3,PK,
1403,4,KYLM,
1404,9,ALPY,
1405,3,PK,
1406,3,PK,
1407,13,KLM,
1408,13,KLM,
1409,4,KYLM,
1410,13,KLM,
1411,12,TVM,
1412,4,KYLM,
1413,13,KLM,
1414,13,KLM,
1416,6,KTM,
1417,13,KLM,
1418,12,TVM,
1419,13,KLM,
1420,13,KLM,
1421,13,KLM,
1422,13,KLM,
1423,13,KLM,
1424,12,TVM,
1426,12,TVM,
1427,12,TVM,
1428,12,TVM,
1430,12,TVM,
1431,12,TVM,
1435,12,TVM,
1436,12,TVM,
1438,12,TVM,
1439,12,TVM,
1440,10,MLPM,
1441,12,TVM,
1442,6,KTM,
1443,9,ALPY,
1444,9,ALPY,
1445,9,ALPY,
1447,9,ALPY,
1448,7,TCR,
1449,4,KYLM,
1450,13,KLM,
1451,6,KTM,
1452,13,KLM,
1453,4,KYLM,
1454,13,KLM,
1455,12,TVM,
1458,5,CLT 2,
1459,13,KLM,
1460,6,KTM,
1461,6,KTM,
1462,4,KYLM,
1463,6,KTM,
1464,13,KLM,
1465,13,KLM,
1466,4,KYLM,
1467,6,KTM,
1468,30,PMA,
1469,6,KTM,
1470,6,KTM,
1471,6,KTM,
1472,6,KTM,
1473,4,KYLM,
1474,4,KYLM,
1475,4,KYLM,
1476,13,KLM,
1477,10,MLPM,
1478,3,PK,
1479,12,TVM,
1480,12,TVM,
1481,19,EPT,
1482,1,EKM1,
1484,1,EKM1,
1485,1,EKM1,
1486,7,TCR,
1487,7,TCR,
1488,27,CLT 1,
1489,2,EKM2,
1490,23,TVM 2,
1492,30,PMA,
1493,22,GNRL,
1494,10,MLPM,
1495,1,EKM1,
1496,1,EKM1,
1497,1,EKM1,
1498,1,EKM1,
1499,3,PK,
1501,1,EKM1,
1502,3,PK,
1503,2,EKM2,
1504,2,EKM2,
1505,3,PK,
1506,1,EKM1,
1508,1,EKM1,
1509,1,EKM1,
1510,1,EKM1,
1511,1,EKM1,
1512,3,PK,
1514,1,EKM1,
1515,3,PK,
1516,3,PK,
1521,3,PK,
1522,3,PK,
1523,12,TVM,
1524,3,PK,
1525,3,PK,
1526,3,PK,
1527,3,PK,
1528,13,KLM,
1529,3,PK,
1530,12,TVM,
1531,3,PK,
1532,1,EKM1,
1533,13,KLM,
1534,23,TVM 2,
1535,6,KTM,
1536,19,EPT,
1537,6,KTM,
1540,19,EPT,
1541,22,GNRL,
1542,12,TVM,
1543,27,CLT 1,
1544,7,TCR,
1545,7,TCR,
1546,12,TVM,
1547,1,EKM1,
1548,4,KYLM,
1549,12,TVM,
1550,1,EKM1,
1551,10,MLPM,
1552,12,TVM,
1555,10,MLPM,
1556,3,PK,
1557,9,ALPY,
1558,9,ALPY,
1559,23,TVM 2,
1560,23,TVM 2,
1561,22,GNRL,
1562,11,PLKD,
1563,7,TCR,
1564,12,TVM,
1565,1,EKM1,
1566,4,KYLM,
1567,63,KLM,
1568,7,TCR,
1569,4,KYLM,
1570,12,TVM,
1571,23,TVM 2,
1572,2,EKM2,
1573,10,MLPM,
1574,12,TVM,
1575,12,TVM,
1576,10,MLPM,
1577,10,MLPM,
1578,6,KTM,
1579,6,KTM,
1580,6,KTM,
1581,19,EPT,
1582,7,TCR,
1583,22,GNRL,
1584,13,KLM,
1585,10,MLPM,
1586,10,MLPM,
1587,7,TCR,
1589,22,GNRL,
1592,4,KYLM,
1595,3,PK,
1597,12,TVM,
1598,3,PK,
1600,12,TVM,
1601,22,GNRL,
1603,7,TCR,
1607,6,KTM,
1608,12,TVM,
1609,5,CLT 2,
1610,33,MVPA,
1611,6,KTM,
1612,11,PLKD,
1613,7,TCR,
1614,6,KTM,
1616,10,MLPM,
1617,6,KTM,
1618,7,TCR,
1619,12,TVM,
1644,6,KTM,
1645,12,TVM,
1646,22,GNRL,
1647,6,KTM,
1648,12,TVM,
1649,19,EPT,
1650,23,TVM 2,
1651,7,TCR,
1652,7,TCR,
1653,7,TCR,
1654,7,TCR,
1655,7,TCR,
1656,7,TCR,
1657,7,TCR,
1658,7,TCR,
1659,7,TCR,
1660,7,TCR,
1661,7,TCR,
1662,7,TCR,
1663,7,TCR,
1664,7,TCR,
1665,7,TCR,
1666,7,TCR,
1668,7,TCR,
1669,7,TCR,
1670,1,EKM1,
1673,10,MLPM,
1674,7,TCR,
1676,30,PMA,
1677,13,KLM,
1678,10,MLPM,
1679,10,MLPM,
1680,10,MLPM,
1681,10,MLPM,
1682,6,KTM,
1683,22,GNRL,
1684,6,KTM,
1685,22,GNRL,
1686,10,MLPM,
1687,6,KTM,
1688,5,CLT 2,
1689,5,CLT 2,
1691,12,TVM,
1692,1,EKM1,
1693,19,EPT,
1694,1,EKM1,
1696,6,KTM,
1697,6,KTM,
1698,6,KTM,
1699,6,KTM,
1700,6,KTM,
1701,6,KTM,
1702,4,KYLM,
1703,30,PMA,
1704,12,TVM,
1705,12,TVM,
1706,7,TCR,
1707,6,KTM,
1708,3,PK,
1714,12,TVM,
1717,6,KTM,
1718,6,KTM,
1719,6,KTM,
1720,6,KTM,
1721,6,KTM,
1726,6,KTM,
1727,6,KTM,
1728,11,PLKD,
1729,7,TCR,
1730,6,KTM,
1733,13,KLM,
1734,1,EKM1,
1735,3,PK,
1736,13,KLM,
1737,6,KTM,
1738,19,EPT,
1739,5,CLT 2,
1740,5,CLT 2,
1741,27,CLT 1,
1742,5,CLT 2,
1743,5,CLT 2,
1744,5,CLT 2,
1745,5,CLT 2,
1746,5,CLT 2,
1747,5,CLT 2,
1748,7,TCR,
1749,7,TCR,
1750,26,KNR,
1751,26,KNR,
1752,26,KNR,
1753,26,KNR,
1754,12,TVM,
1755,12,TVM,
1758,4,KYLM,
1759,30,PMA,
1760,12,TVM,
1761,3,PK,
1763,13,KLM,
1764,1,EKM1,
1766,26,KNR,
1767,26,KNR,
1768,2,EKM2,
1769,12,TVM,
1770,5,CLT 2,
1771,5,CLT 2,
1772,5,CLT 2,
1773,5,CLT 2,
1774,5,CLT 2,
1775,12,TVM,
1777,7,TCR,
1781,12,TVM,
1783,23,TVM 2,
1784,26,KNR,
1785,26,KNR,
1786,13,KLM,
1787,13,KLM,
1788,3,PK,
1789,27,CLT 1,
1790,11,PLKD,
1791,27,CLT 1,
1792,7,TCR,
1793,7,TCR,
1795,6,KTM,
1796,3,PK,
1797,12,TVM,
1799,12,TVM,
1800,26,KNR,
1801,26,KNR,
1802,11,PLKD,
1804,13,KLM,
1805,6,KTM,
1806,13,KLM,
1807,3,PK,
1808,3,PK,
1809,6,KTM,
1810,26,KNR,
1811,7,TCR,
1812,12,TVM,
1813,4,KYLM,
1814,5,CLT 2,
1815,11,PLKD,
1817,3,PK,
1818,4,KYLM,
1819,9,ALPY,
1820,3,PK,
1821,27,CLT 1,
1822,23,TVM 2,
1824,6,KTM,
1825,30,PMA,
1829,5,CLT 2,
1835,4,KYLM,
1836,4,KYLM,
1837,2,EKM2,
1838,19,EPT,
1839,7,TCR,
1840,26,KNR,
1841,12,TVM,
1842,6,KTM,
1843,27,CLT 1,
1848,26,KNR,
1849,19,EPT,
1850,7,TCR,
1851,27,CLT 1,
1852,12,TVM,
1855,26,KNR,
1856,4,KYLM,
1857,6,KTM,
1858,7,TCR,
1859,4,KYLM,
1860,1,EKM1,
1861,5,CLT 2,
1862,22,GNRL,
1863,13,KLM,
1864,26,KNR,
1865,26,KNR,
1866,3,PK,
1867,9,ALPY,
1868,7,TCR,
1869,7,TCR,
1870,7,TCR,
1871,6,KTM,
1872,13,KLM,
1873,3,PK,
1874,3,PK,
1875,27,CLT 1,
1876,27,CLT 1,
1880,22,GNRL,
1881,26,KNR,
1882,12,TVM,
1883,10,MLPM,
1884,27,CLT 1,
1885,6,KTM,
1886,13,KLM,
1887,30,PMA,
1888,22,GNRL,
1889,7,TCR,
1890,30,PMA,
1892,19,EPT,8
1893,3,PK,
1894,9,ALPY,
1895,22,GNRL,
1896,11,PLKD,
1897,4,KYLM,
1898,26,KNR,
1899,26,KNR,
1900,3,PK,
1901,19,EPT,
1902,10,MLPM,
1903,23,TVM 2,
1904,5,CLT 2,
1906,30,PMA,
1907,27,CLT 1,
1908,10,MLPM,
1909,1,EKM1,
1910,11,PLKD,
1911,12,TVM,
1912,5,CLT 2,
1913,10,MLPM,
1914,3,PK,
1915,27,CLT 1,
1916,27,CLT 1,
1917,27,CLT 1,
1918,26,KNR,
1921,4,KYLM,
1922,3,PK,
1923,13,KLM,
1924,10,MLPM,
1926,19,EPT,
1927,1,EKM1,
1928,10,MLPM,
1930,26,KNR,
1931,26,KNR,
1933,5,CLT 2,
1934,13,KLM,
1935,19,EPT,
1936,6,KTM,
1937,26,KNR,
1938,26,KNR,
1939,7,TCR,
1940,4,KYLM,
1941,12,TVM,
1942,12,TVM,
1943,13,KLM,
1944,9,ALPY,
1945,27,CLT 1,
1946,13,KLM,
1947,26,KNR,
1948,11,PLKD,
1950,12,TVM,
1951,23,TVM 2,
1952,1,EKM1,
1953,11,PLKD,
1954,1,EKM1,
1955,3,PK,
1956,3,PK,
1957,3,PK,
1958,3,PK,
1959,3,PK,
1960,3,PK,
1962,3,PK,
1963,3,PK,
1964,3,PK,
1965,10,MLPM,
1966,23,TVM 2,
1967,13,KLM,
1968,2,EKM2,
1969,2,EKM2,
1970,2,EKM2,
1976,2,EKM2,
1979,2,EKM2,
1980,27,CLT 1,
1981,1,EKM1,
1982,1,EKM1,
1983,6,KTM,
1984,19,EPT,
1985,19,EPT,
1986,19,EPT,
1987,27,CLT 1,
1988,9,ALPY,
1989,9,ALPY,
1991,5,CLT 2,
1992,1,EKM1,
1993,4,KYLM,
1996,4,KYLM,
1997,26,KNR,
1998,12,TVM,
1999,22,GNRL,
2000,10,MLPM,
2003,19,EPT,
2004,6,KTM,
2005,6,KTM,
2006,23,TVM 2,
2007,12,TVM,
2009,22,GNRL,
2011,7,TCR,
2012,30,PMA,
2013,6,KTM,
2015,12,TVM,
2016,12,TVM,
2017,7,TCR,
2018,2,EKM2,
2019,12,TVM,
2020,27,CLT 1,
2021,26,KNR,
2022,12,TVM,
2023,23,TVM 2,
2025,6,KTM,
2026,12,TVM,
2027,12,TVM,
2028,12,TVM,
2029,2,EKM2,
2030,12,TVM,
2031,7,TCR,
2032,1,EKM1,
2035,2,EKM2,
2036,22,GNRL,
2037,23,TVM 2,
2039,2,EKM2,
2040,6,KTM,
2041,12,TVM,
2042,6,KTM,
2043,27,CLT 1,
2044,5,CLT 2,
2045,2,EKM2,
2046,7,TCR,
2047,9,ALPY,
2048,22,GNRL,
2050,12,TVM,
2051,27,CLT 1,
2052,4,KYLM,
2053,27,CLT 1,
2055,2,EKM2,
2056,26,KNR,
2058,12,TVM,
2059,1,EKM1,
2060,6,KTM,
2063,26,KNR,
2066,3,PK,
2067,12,TVM,
2068,12,TVM,
2069,6,KTM,
2070,10,MLPM,
2077,3,PK,
2079,11,PLKD,
2082,26,KNR,
2084,19,EPT,
2085,2,EKM2,
2086,26,KNR,
2087,22,GNRL,
2088,12,TVM,
2089,22,GNRL,
2090,13,KLM,
2091,12,TVM,
2092,2,EKM2,
2093,4,KYLM,
2094,12,TVM,
2095,12,TVM,
2096,26,KNR,
2097,22,GNRL,
2098,13,KLM,
2099,3,PK,
2100,1,EKM1,
2101,22,GNRL,
2102,26,KNR,
2103,11,PLKD,
2104,13,KLM,
2105,26,KNR,
2106,7,TCR,
2107,4,KYLM,
2108,5,CLT 2,
2109,27,CLT 1,
2110,22,GNRL,
2111,23,TVM 2,
2115,27,CLT 1,
2116,22,GNRL,
2117,9,ALPY,
2118,13,KLM,
2120,22,GNRL,
2121,7,TCR,
2122,12,TVM,
2123,11,PLKD,
2124,26,KNR,
2125,26,KNR,
2126,9,ALPY,
2127,9,ALPY,
2128,11,PLKD,
2129,13,KLM,
2130,12,TVM,
2131,10,MLPM,
2132,10,MLPM,
2133,5,CLT 2,
2134,1,EKM1,
2135,10,MLPM,
2136,12,TVM,
2137,10,MLPM,
2138,27,CLT 1,
2139,13,KLM,
2141,27,CLT 1,
2142,5,CLT 2,
2143,13,KLM,
2145,9,ALPY,
2150,27,CLT 1,
2154,10,MLPM,
2158,1,EKM1,
2159,30,PMA,
2160,12,TVM,
2161,19,EPT,
2162,22,GNRL,
2164,30,PMA,
2165,19,EPT,
2166,27,CLT 1,
2167,5,CLT 2,
2168,5,CLT 2,
2169,27,CLT 1,
2170,27,CLT 1,
2171,1,EKM1,
2172,30,PMA,
2173,30,PMA,
2174,12,TVM,
2175,12,TVM,
2176,11,PLKD,
2177,1,EKM1,
2178,27,CLT 1,
2180,7,TCR,
2182,4,KYLM,
2183,3,PK,
2184,11,PLKD,
2185,19,EPT,
2186,6,KTM,
2187,26,KNR,
2188,6,KTM,
2190,12,TVM,
2191,27,CLT 1,
2192,27,CLT 1,
2193,27,CLT 1,
2195,4,KYLM,
2196,12,TVM,
2197,19,EPT,
2200,7,TCR,
2201,27,CLT 1,
2204,27,CLT 1,
2207,12,TVM,
2209,19,EPT,
2210,19,EPT,
2213,1,EKM1,
2214,12,TVM,
2215,22,GNRL,
2217,11,PLKD,
2218,12,TVM,
2219,27,CLT 1,
2220,9,ALPY,
2221,10,MLPM,
2222,10,MLPM,
2223,27,CLT 1,
2224,23,TVM 2,
2225,1,EKM1,
2226,27,CLT 1,
2227,4,KYLM,
2228,12,TVM,
2229,12,TVM,
2247,62,KEK,
2248,22,GNRL,
2249,27,CLT 1,
2250,27,CLT 1,
2251,27,CLT 1,
2253,7,TCR,
2254,12,TVM,
2259,5,CLT 2,
2261,26,KNR,
2262,12,TVM,
2263,12,TVM,
2264,12,TVM,
2265,1,EKM1,
2266,22,GNRL,
2268,3,PK,
2269,30,PMA,
2270,11,PLKD,
2275,23,TVM 2,
2276,12,TVM,
2277,4,KYLM,
2278,19,EPT,
2279,9,ALPY,
2280,11,PLKD,
2281,12,TVM,
2282,1,EKM1,
2283,12,TVM,
2284,1,EKM1,
2286,9,ALPY,
2287,10,MLPM,
2288,12,TVM,
2289,3,PK,
2290,12,TVM,
2291,12,TVM,
2292,12,TVM,
2293,27,CLT 1,
2294,5,CLT 2,
2295,12,TVM,
2296,27,CLT 1,
2297,9,ALPY,
2298,13,KLM,
2299,2,EKM2,
2300,13,KLM,
2301,12,TVM,
2302,11,PLKD,
2304,30,PMA,
2305,5,CLT 2,
2306,12,TVM,
2307,1,EKM1,
2310,12,TVM,
2320,6,KTM,
2322,2,EKM2,
2323,12,TVM,
2324,13,KLM,
2326,11,PLKD,
2327,3,PK,
2338,19,EPT,
2339,10,MLPM,
2340,13,KLM,
2341,13,KLM,
2342,13,KLM,
2343,12,TVM,
2344,19,EPT,
2345,2,EKM2,
2346,1,EKM1,
2349,30,PMA,
2351,30,PMA,
2352,23,TVM 2,
2353,12,TVM,
2354,12,TVM,
2355,5,CLT 2,
2357,27,CLT 1,
2358,12,TVM,
2359,9,ALPY,
2361,12,TVM,
2363,33,MVPA,
2364,27,CLT 1,
2369,7,TCR,
2370,12,TVM,
2371,9,ALPY,
2373,23,TVM 2,
2374,7,TCR,
2375,19,EPT,
2376,19,EPT,
2377,2,EKM2,
2378,11,PLKD,
2379,12,TVM,
2380,1,EKM1,
2381,30,PMA,
2382,12,TVM,
2384,1,EKM1,
2386,11,PLKD,
2388,5,CLT 2,
2389,30,PMA,
2390,1,EKM1,
2391,1,EKM1,
2393,22,GNRL,
2394,12,TVM,
2395,11,PLKD,
2396,5,CLT 2,
2397,30,PMA,
2398,19,EPT,
2399,8,TCR 2,
2400,12,TVM,
2401,2,EKM2,
2402,1,EKM1,
2403,12,TVM,
2404,12,TVM,
2405,12,TVM,
2407,5,CLT 2,
2408,12,TVM,
2409,30,PMA,
2410,1,EKM1,
2411,7,TCR,
2412,10,MLPM,
2413,7,TCR,
2415,22,GNRL,
2416,12,TVM,
2418,1,EKM1,
2419,13,KLM,
2420,10,MLPM,
2421,7,TCR,
2422,7,TCR,
2423,2,EKM2,
2424,30,PMA,
2425,6,KTM,
2428,23,TVM 2,
2430,12,TVM,
2432,9,ALPY,
2433,3,PK,
2434,5,CLT 2,
2435,12,TVM,
2436,22,GNRL,
2438,12,TVM,
2441,12,TVM,
2442,7,TCR,
2444,13,KLM,
2445,6,KTM,
2447,12,TVM,
2448,1,EKM1,
2450,7,TCR,
2451,27,CLT 1,
2452,26,KNR,
2453,22,GNRL,
2454,2,EKM2,
2456,10,MLPM,
2457,33,MVPA,
2458,9,ALPY,
2459,30,PMA,
2460,13,KLM,
2461,6,KTM,
2462,6,KTM,
2463,27,CLT 1,
2464,30,PMA,
2465,12,TVM,
2466,10,MLPM,
2467,10,MLPM,
2468,2,EKM2,
2469,12,TVM,
2470,12,TVM,
2471,12,TVM,
2472,6,KTM,
2473,4,KYLM,
2474,7,TCR,
2475,19,EPT,
2476,9,ALPY,
2477,12,TVM,
2478,11,PLKD,
2479,6,KTM,
2480,19,EPT,
2481,12,TVM,
2482,13,KLM,
2483,30,PMA,
2484,30,PMA,
2485,30,PMA,
2486,7,TCR,
2487,6,KTM,
2488,30,PMA,
2489,13,KLM,
2490,12,TVM,
2491,2,EKM2,
2492,12,TVM,
2493,4,KYLM,
2494,2,EKM2,
2495,27,CLT 1,
2496,12,TVM,
2497,12,TVM,
2498,11,PLKD,
2499,11,PLKD,
2500,13,KLM,
2501,3,PK,
2502,19,EPT,
2503,1,EKM1,
2504,4,KYLM,
2505,7,TCR,
2506,12,TVM,
2507,12,TVM,
2508,12,TVM,
2509,7,TCR,
2510,10,MLPM,
2511,7,TCR,
2512,7,TCR,
2515,2,EKM2,
2516,2,EKM2,
2517,10,MLPM,
2518,13,KLM,
2519,30,PMA,
2520,7,TCR,
2521,2,EKM2,
2522,30,PMA,
2523,3,PK,
2524,12,TVM,
2525,22,GNRL,
2526,10,MLPM,
2527,22,GNRL,
2528,10,MLPM,
2529,12,TVM,
2530,30,PMA,
2531,13,KLM,
2533,4,KYLM,
2534,13,KLM,
2537,2,EKM2,
2538,10,MLPM,
2539,62,KEK,
2540,10,MLPM,
2541,22,GNRL,
2542,8,TCR 2,
2543,19,EPT,
2544,30,PMA,
2545,22,GNRL,
2546,10,MLPM,
2547,13,KLM,
2548,13,KLM,
2549,12,TVM,
2550,2,EKM2,
2551,30,PMA,
2552,1,EKM1,
2553,10,MLPM,
2554,13,KLM,
2555,2,EKM2,
2556,12,TVM,
2558,33,MVPA,
2559,10,MLPM,
2560,33,MVPA,
2561,22,GNRL,
2562,9,ALPY,
2563,3,PK,
2564,3,PK,
2565,12,TVM,
2566,1,EKM1,
2567,7,TCR,
2568,4,KYLM,
2569,1,EKM1,
2571,13,KLM,
2572,12,TVM,
2573,12,TVM,
2574,3,PK,
2575,2,EKM2,
2576,12,TVM,
2577,12,TVM,
2578,10,MLPM,
2579,6,KTM,
2580,4,KYLM,
2581,1,EKM1,
2582,33,MVPA,
2584,7,TCR,
2585,13,KLM,
2586,6,KTM,
2587,27,CLT 1,
2589,4,KYLM,
2590,3,PK,
2591,12,TVM,
2592,7,TCR,
2593,12,TVM,
2594,13,KLM,
2596,12,TVM,
2597,27,CLT 1,
2599,3,PK,
2603,12,TVM,
2604,2,EKM2,
2606,4,KYLM,
2608,13,KLM,
2610,3,PK,
2611,33,MVPA,
2613,6,KTM,
2614,3,PK,
2615,22,GNRL,
2616,6,KTM,
2618,7,TCR,
2619,12,TVM,
2620,22,GNRL,
2621,22,GNRL,
2622,12,TVM,
2623,11,PLKD,
2624,13,KLM,
2627,8,TCR 2,
2628,22,GNRL,
2629,13,KLM,
2630,12,TVM,
2631,11,PLKD,
2632,13,KLM,
2633,6,KTM,
2635,19,EPT,
2636,3,PK,
2637,13,KLM,
2638,12,TVM,
2639,10,MLPM,
2640,30,PMA,
2641,13,KLM,
2642,12,TVM,
2643,13,KLM,
2644,7,TCR,
2652,2,EKM2,
2653,30,PMA,
2654,3,PK,
2655,12,TVM,
2656,12,TVM,
2657,12,TVM,
2658,1,EKM1,
2659,22,GNRL,
2661,13,KLM,
2663,13,KLM,
2664,6,KTM,
2665,4,KYLM,
2666,30,PMA,
2668,30,PMA,
2672,3,PK,
2673,19,EPT,
2674,1,EKM1,
2675,1,EKM1,
2676,2,EKM2,
2677,12,TVM,
2678,7,TCR,
2679,1,EKM1,
2680,12,TVM,
2681,12,TVM,
2682,6,KTM,
2683,27,CLT 1,
2684,10,MLPM,
2685,3,PK,
2686,12,TVM,
2687,12,TVM,
2689,27,CLT 1,
2690,19,EPT,
2691,30,PMA,
2692,3,PK,
2693,3,PK,
2694,6,KTM,
2695,4,KYLM,
2696,2,EKM2,
2697,26,KNR,
2698,22,GNRL,
2699,22,GNRL,
2700,30,PMA,
2701,13,KLM,
2702,2,EKM2,
2703,30,PMA,
2704,11,PLKD,
2705,9,ALPY,
2706,30,PMA,
2707,1,EKM1,
2708,30,PMA,
2711,9,ALPY,
2716,30,PMA,
2717,12,TVM,
2718,12,TVM,
2719,11,PLKD,
2720,12,TVM,
2722,13,KLM,
2723,1,EKM1,
2724,2,EKM2,
2725,13,KLM,
2726,30,PMA,
2727,6,KTM,
2730,4,KYLM,
2731,11,PLKD,
2732,6,KTM,
2733,22,GNRL,
2734,30,PMA,
2735,12,TVM,
2736,12,TVM,
2737,6,KTM,
2739,6,KTM,
2741,3,PK,
2742,27,CLT 1,
2743,11,PLKD,
2744,4,KYLM,
2745,12,TVM,
2746,6,KTM,
2747,13,KLM,
2749,2,EKM2,
2750,19,EPT,
2751,13,KLM,
2752,11,PLKD,
2753,30,PMA,
2754,12,TVM,
2755,30,PMA,
2756,6,KTM,
2757,12,TVM,
2759,27,CLT 1,
2760,7,TCR,
2761,13,KLM,
2762,4,KYLM,
2763,6,KTM,
2764,27,CLT 1,
2765,22,GNRL,
2766,3,PK,
2767,4,KYLM,
2768,1,EKM1,
2769,11,PLKD,
2770,12,TVM,
2771,22,GNRL,
2772,7,TCR,
2774,19,EPT,
2775,9,ALPY,
2777,3,PK,
2778,12,TVM,
2781,13,KLM,
2782,19,EPT,
2783,12,TVM,
2784,27,CLT 1,
2786,2,EKM2,
2787,6,KTM,
2788,12,TVM,
2789,13,KLM,
2790,30,PMA,
2791,27,CLT 1,
2792,2,EKM2,
2794,33,MVPA,
2795,30,PMA,
2796,13,KLM,
2797,13,KLM,
2798,4,KYLM,
2799,23,TVM 2,
2800,19,EPT,
2802,27,CLT 1,
2803,13,KLM,
2804,27,CLT 1,
2805,27,CLT 1,
2806,22,GNRL,
2807,30,PMA,
2808,2,EKM2,
2809,6,KTM,
2811,6,KTM,
2812,30,PMA,
2814,7,TCR,
2815,1,EKM1,
2816,9,ALPY,
2817,13,KLM,
2818,7,TCR,
2819,19,EPT,
2821,6,KTM,
2822,7,TCR,
2823,6,KTM,
2824,6,KTM,
2825,22,GNRL,
2826,12,TVM,
2827,30,PMA,
2828,27,CLT 1,
2829,12,TVM,
2830,13,KLM,
2831,13,KLM,
2832,30,PMA,
2833,1,EKM1,
2834,30,PMA,
2835,12,TVM,
2836,30,PMA,
2837,1,EKM1,
2838,3,PK,
2839,1,EKM1,
2840,27,CLT 1,
2841,22,GNRL,
2842,30,PMA,
2843,3,PK,
2844,12,TVM,
2845,30,PMA,
2846,27,CLT 1,
2848,23,TVM 2,
2849,13,KLM,
2851,30,PMA,
2852,30,PMA,
2853,22,GNRL,
2854,30,PMA,
2855,13,KLM,
2857,27,CLT 1,
2858,2,EKM2,
2860,13,KLM,
2867,1,EKM1,
2869,1,EKM1,
2870,13,KLM,
2871,13,KLM,
2874,9,ALPY,
2879,22,GNRL,
2881,13,KLM,
2884,19,EPT,
2885,4,KYLM,
2886,12,TVM,
2887,27,CLT 1,
2888,27,CLT 1,
2889,13,KLM,
2890,1,EKM1,
2891,6,KTM,
2892,11,PLKD,
2893,27,CLT 1,
2896,30,PMA,
2897,7,TCR,
2898,1,EKM1,
2899,30,PMA,
2900,19,EPT,
2901,3,PK,
2902,6,KTM,
2903,7,TCR,
2904,22,GNRL,
2905,6,KTM,
2906,1,EKM1,
2907,3,PK,
2908,19,EPT,
2910,27,CLT 1,
2911,7,TCR,
2912,30,PMA,
2913,33,MVPA,
2914,4,KYLM,
2915,12,TVM,
2916,27,CLT 1,
2918,30,PMA,
2920,1,EKM1,
2923,3,PK,
2924,30,PMA,
2925,4,KYLM,
2926,33,MVPA,
2928,3,PK,
2929,22,GNRL,
2930,7,TCR,
2931,13,KLM,
2932,19,EPT,
2933,12,TVM,
2934,12,TVM,
2935,30,PMA,
2936,7,TCR,
2937,7,TCR,
2938,3,PK,
2939,11,PLKD,
2940,19,EPT,
2941,13,KLM,
2942,13,KLM,
2943,3,PK,
2947,7,TCR,
2951,6,KTM,
2952,6,KTM,
2953,6,KTM,
2954,6,KTM,
2955,13,KLM,
2956,1,EKM1,
2957,12,TVM,
2959,13,KLM,
2960,13,KLM,
2961,12,TVM,
2962,6,KTM,
2963,7,TCR,
2964,22,GNRL,
2965,27,CLT 1,
2966,7,TCR,
2967,9,ALPY,
2968,22,GNRL,
2969,3,PK,
2970,22,GNRL,
2973,13,KLM,
2974,13,KLM,
2975,22,GNRL,
2976,13,KLM,
2979,23,TVM 2,
2981,13,KLM,
2982,2,EKM2,
2983,7,TCR,
2984,12,TVM,
2991,1,EKM1,
2992,12,TVM,
2995,6,KTM,
2997,13,KLM,
2999,6,KTM,
3002,6,KTM,
3003,6,KTM,
3005,7,TCR,
3006,6,KTM,
3007,7,TCR,
3008,6,KTM,
3009,12,TVM,
3010,33,MVPA,
3012,19,EPT,
3013,27,CLT 1,
3015,7,TCR,
3017,6,KTM,
3018,12,TVM,
3020,2,EKM2,
3021,12,TVM,
3022,19,EPT,
3023,22,GNRL,
3024,30,PMA,
3025,33,MVPA,
3026,22,GNRL,
3027,22,GNRL,
3030,30,PMA,
3031,30,PMA,
3042,33,MVPA,
3043,6,KTM,
3044,19,EPT,
3045,11,PLKD,
3046,12,TVM,
3047,12,TVM,
3048,12,TVM,
3051,19,EPT,
3052,19,EPT,
3053,27,CLT 1,
3054,2,EKM2,
3055,11,PLKD,
3056,6,KTM,
3057,30,PMA,
3058,7,TCR,
3059,6,KTM,
3060,11,PLKD,
3061,13,KLM,
3062,27,CLT 1,
3063,11,PLKD,
3064,13,KLM,
3065,6,KTM,
3066,30,PMA,
3067,7,TCR,
3068,13,KLM,
3069,6,KTM,
3071,3,PK,
3072,2,EKM2,
3073,4,KYLM,
3074,9,ALPY,
3075,22,GNRL,
3076,30,PMA,
3077,12,TVM,
3078,1,EKM1,
3079,22,GNRL,
3080,12,TVM,
3081,11,PLKD,
3082,1,EKM1,
3083,22,GNRL,
3086,1,EKM1,
3091,19,EPT,
3092,23,TVM 2,
3094,7,TCR,
3096,30,PMA,
3097,13,KLM,
3098,6,KTM,
3099,7,TCR,
3100,22,GNRL,
3101,12,TVM,
3102,12,TVM,
3103,9,ALPY,
3104,6,KTM,
3105,30,PMA,
3106,11,PLKD,
3107,6,KTM,
3108,12,TVM,
3109,12,TVM,
3111,12,TVM,
3112,7,TCR,
3113,11,PLKD,
3114,12,TVM,
3115,1,EKM1,
3116,12,TVM,
3117,7,TCR,
3118,1,EKM1,
3119,7,TCR,
3120,12,TVM,
3121,3,PK,
3122,12,TVM,
3123,22,GNRL,
3124,1,EKM1,
3126,12,TVM,
3127,22,GNRL,
3128,13,KLM,
3129,3,PK,
3130,7,TCR,
3131,22,GNRL,
3133,7,TCR,
3134,30,PMA,
3135,13,KLM,
3136,13,KLM,
3137,12,TVM,
3138,62,KEK,
3139,6,KTM,
3140,6,KTM,
3141,6,KTM,
3142,22,GNRL,
3143,2,EKM2,
3144,11,PLKD,
3145,6,KTM,
3146,13,KLM,
3147,13,KLM,
3148,7,TCR,
3149,22,GNRL,
3150,6,KTM,
3152,22,GNRL,
3153,13,KLM,
3154,4,KYLM,
3155,2,EKM2,
3156,11,PLKD,
3157,11,PLKD,
3158,13,KLM,
3159,22,GNRL,
3160,12,TVM,
3161,13,KLM,
3162,2,EKM2,
3163,19,EPT,
3164,6,KTM,
3165,13,KLM,
3166,6,KTM,
3167,7,TCR,
3168,1,EKM1,
3169,7,TCR,
3170,7,TCR,
3171,13,KLM,
3172,9,ALPY,
3176,13,KLM,
3178,62,KEK,
3179,30,PMA,
3181,12,TVM,
3182,13,KLM,
3184,33,MVPA,
3185,13,KLM,
3186,3,PK,
3189,19,EPT,
3190,6,KTM,
3191,6,KTM,
3192,2,EKM2,
3193,1,EKM1,
3195,12,TVM,
3196,27,CLT 1,
3198,9,ALPY,
3199,6,KTM,
3200,11,PLKD,
3201,7,TCR,
3202,7,TCR,
3203,19,EPT,
3205,12,TVM,
3206,22,GNRL,
3207,11,PLKD,
3208,7,TCR,
3209,7,TCR,
3210,7,TCR,
3211,9,ALPY,
3216,11,PLKD,
3217,7,TCR,
3218,11,PLKD,
3219,2,EKM2,
3220,13,KLM,
3221,13,KLM,
3222,13,KLM,
3223,13,KLM,
3224,13,KLM,
3225,6,KTM,
3226,7,TCR,
3227,7,TCR,
3229,11,PLKD,
3230,12,TVM,
3231,9,ALPY,
3232,11,PLKD,
3234,12,TVM,
3235,62,KEK,
3236,7,TCR,
3237,6,KTM,
3238,33,MVPA,
3239,30,PMA,
3240,12,TVM,
3241,7,TCR,
3243,1,EKM1,
3244,3,PK,
3245,4,KYLM,
3246,19,EPT,
3248,19,EPT,
3251,19,EPT,
3252,2,EKM2,
3254,11,PLKD,
3255,12,TVM,
3256,6,KTM,
3257,3,PK,
3258,11,PLKD,
3259,23,TVM 2,
3260,2,EKM2,
3261,7,TCR,
3262,1,EKM1,
3263,6,KTM,
3264,7,TCR,
3266,13,KLM,
3267,3,PK,
3268,12,TVM,
3270,13,KLM,
3271,11,PLKD,
3273,30,PMA,
3274,23,TVM 2,
3277,3,PK,
3278,3,PK,
3279,4,KYLM,
3281,23,TVM 2,
3283,1,EKM1,
3284,3,PK,
3285,11,PLKD,
3286,13,KLM,
3287,1,EKM1,
3288,1,EKM1,
3289,7,TCR,
3290,1,EKM1,
3291,19,EPT,
3292,11,PLKD,
3293,22,GNRL,
3294,2,EKM2,
3295,52,TCR2,
3296,68,CLT,
3297,13,KLM,
3298,22,GNRL,
3299,7,TCR,
3300,22,GNRL,
3301,11,PLKD,
3302,1,EKM1,
3303,1,EKM1,
3304,9,ALPY,
3306,9,ALPY,
3307,11,PLKD,
3308,1,EKM1,
3309,3,PK,
3310,30,PMA,
3311,62,KEK,
3312,2,EKM2,
3313,3,PK,
3314,13,KLM,
3316,11,PLKD,
3317,30,PMA,
3318,19,EPT,
3319,7,TCR,
3321,22,GNRL,
3322,7,TCR,
3323,11,PLKD,
3324,12,TVM,
3326,11,PLKD,
3327,3,PK,
3328,7,TCR,
3329,13,KLM,
3330,4,KYLM,
3331,30,PMA,
3332,4,KYLM,
3334,7,TCR,
3335,12,TVM,
3336,13,KLM,
3337,7,TCR,
3338,7,TCR,
3339,7,TCR,
3340,1,EKM1,
3341,6,KTM,
3342,11,PLKD,
3343,11,PLKD,
3344,11,PLKD,
3345,9,ALPY,
3346,19,EPT,
3347,7,TCR,
3348,7,TCR,
3349,2,EKM2,
3350,13,KLM,
3351,7,TCR,
3352,22,GNRL,
3353,6,KTM,
3355,12,TVM,
3356,52,TCR2,
3357,6,KTM,
3358,13,KLM,
3359,13,KLM,
3361,11,PLKD,
3362,1,EKM1,
3363,8,TCR 2,
3364,12,TVM,
3365,13,KLM,
3366,33,MVPA,
3367,11,PLKD,
3369,11,PLKD,
3370,11,PLKD,
3371,13,KLM,
3373,4,KYLM,
3374,2,EKM2,
3375,7,TCR,
3376,3,PK,
3377,12,TVM,
3378,13,KLM,
3379,12,TVM,
3380,30,PMA,
3381,7,TCR,
3382,22,GNRL,
3383,13,KLM,
3384,11,PLKD,
3385,11,PLKD,
3386,12,TVM,
3387,12,TVM,
3388,7,TCR,
3389,10,MLPM,
3390,22,GNRL,
3391,30,PMA,
3392,2,EKM2,
3393,7,TCR,
3394,2,EKM2,
3395,12,TVM,
3396,11,PLKD,
3397,11,PLKD,
3398,7,TCR,
3399,11,PLKD,
3400,7,TCR,
3401,12,TVM,
3402,11,PLKD,
3403,7,TCR,
3404,4,KYLM,
3405,7,TCR,
3406,13,KLM,
3407,13,KLM,
3408,7,TCR,
3409,7,TCR,
3410,12,TVM,
3411,11,PLKD,
3412,4,KYLM,
3413,13,KLM,
3414,30,PMA,
3415,7,TCR,
3416,7,TCR,
3417,13,KLM,
3418,6,KTM,
3419,6,KTM,
3420,13,KLM,
3421,12,TVM,
3422,22,GNRL,
3423,12,TVM,
3424,7,TCR,
3425,13,KLM,
3427,4,KYLM,
3428,1,EKM1,
3429,13,KLM,
3430,7,TCR,
3431,2,EKM2,
3432,6,KTM,
3433,11,PLKD,
3434,1,EKM1,
3435,22,GNRL,
3436,23,TVM 2,
3437,6,KTM,
3438,6,KTM,
3439,7,TCR,
3440,7,TCR,
3441,30,PMA,
3442,7,TCR,
3443,6,KTM,
3445,33,MVPA,
3446,7,TCR,
3447,6,KTM,
3448,19,EPT,
3449,8,TCR 2,
3450,3,PK,
3451,12,TVM,
3452,7,TCR,
3453,33,MVPA,
3454,1,EKM1,
3455,7,TCR,
3456,30,PMA,
3457,9,ALPY,
3460,4,KYLM,
3461,6,KTM,
3462,22,GNRL,
3463,12,TVM,
3464,22,GNRL,
3465,11,PLKD,
3466,13,KLM,
3467,12,TVM,
3468,4,KYLM,
3469,19,EPT,
3470,22,GNRL,
3471,23,TVM 2,
3472,6,KTM,
3475,8,TCR 2,
3476,7,TCR,
3477,1,EKM1,
3478,2,EKM2,
3479,30,PMA,
3480,19,EPT,
3481,2,EKM2,
3482,19,EPT,
3483,19,EPT,
3484,2,EKM2,
3485,8,TCR 2,
3486,9,ALPY,
3487,19,EPT,
3488,7,TCR,
3489,33,MVPA,
3490,22,GNRL,
3491,19,EPT,
3492,19,EPT,
3493,1,EKM1,
3494,11,PLKD,
3495,7,TCR,
3497,22,GNRL,
3498,7,TCR,
3499,13,KLM,
3500,30,PMA,
3501,33,MVPA,
3502,3,PK,
3503,3,PK,
3504,19,EPT,
3505,12,TVM,
3506,6,KTM,
3507,22,GNRL,
3508,11,PLKD,
3509,11,PLKD,
3510,22,GNRL,
3511,7,TCR,
3512,12,TVM,
3513,12,TVM,
3514,13,KLM,
3515,30,PMA,
3517,12,TVM,
3518,2,EKM2,
3519,13,KLM,
3520,12,TVM,
3521,9,ALPY,
3522,13,KLM,
3524,12,TVM,
3525,6,KTM,
3526,22,GNRL,
3527,12,TVM,
3528,19,EPT,
3531,4,KYLM,
3532,7,TCR,
3533,12,TVM,
3534,9,ALPY,
3535,1,EKM1,
3536,22,GNRL,
3537,2,EKM2,
3538,11,PLKD,
3539,13,KLM,
3540,11,PLKD,
3542,1,EKM1,
3543,12,TVM,
3544,12,TVM,
3545,22,GNRL,
3546,12,TVM,
3547,30,PMA,
3548,12,TVM,
3550,11,PLKD,
3551,13,KLM,
3553,7,TCR,
3554,23,TVM 2,
3555,58,TVM2,
3556,13,KLM,
3557,30,PMA,
3558,33,MVPA,
3559,2,EKM2,
3560,4,KYLM,
3561,19,EPT,
3562,2,EKM2,
3563,22,GNRL,
3564,3,PK,
3565,3,PK,
3566,6,KTM,
3567,3,PK,
3569,12,TVM,
3570,2,EKM2,
3571,23,TVM 2,
3572,2,EKM2,
3573,9,ALPY,
3574,9,ALPY,
3575,13,KLM,
3576,33,MVPA,
3577,22,GNRL,
3578,4,KYLM,
3579,12,TVM,
3580,12,TVM,
3581,7,TCR,
3582,2,EKM2,
3583,3,PK,
3584,6,KTM,
3585,30,PMA,
3586,11,PLKD,
3587,1,EKM1,
3588,30,PMA,
3589,7,TCR,
3590,2,EKM2,
3591,13,KLM,
3592,33,MVPA,
3593,19,EPT,
3594,11,PLKD,
3595,22,GNRL,
3596,33,MVPA,
3597,6,KTM,
3598,30,PMA,
3599,7,TCR,
3600,12,TVM,
3601,6,KTM,
3602,13,KLM,
3604,30,PMA,
3605,33,MVPA,
3606,12,TVM,
3607,9,ALPY,
3608,11,PLKD,
3609,13,KLM,
3610,3,PK,
3611,12,TVM,
3612,22,GNRL,
3614,7,TCR,
3615,12,TVM,
3616,22,GNRL,
3617,22,GNRL,
3618,6,KTM,
3620,22,GNRL,
3621,13,KLM,
3622,12,TVM,
3623,12,TVM,
3624,12,TVM,
3625,2,EKM2,
3626,13,KLM,
3627,3,PK,
3628,12,TVM,
3629,22,GNRL,
3630,11,PLKD,
3631,7,TCR,
3632,2,EKM2,
3634,12,TVM,
3635,3,PK,
3636,1,EKM1,
3637,12,TVM,
3638,9,ALPY,
3639,19,EPT,
3640,23,TVM 2,
3641,30,PMA,
3642,22,GNRL,
3643,13,KLM,
3645,2,EKM2,
3646,4,KYLM,
3647,23,TVM 2,
3648,62,KEK,
3649,22,GNRL,
3651,22,GNRL,
3652,2,EKM2,
3653,12,TVM,
3654,4,KYLM,
3655,13,KLM,
3656,13,KLM,
3657,1,EKM1,
3658,9,ALPY,
3659,9,ALPY,
3660,3,PK,
3661,13,KLM,
3662,4,KYLM,
3663,13,KLM,
3664,7,TCR,
3665,6,KTM,
3667,7,TCR,
3668,7,TCR,
3669,1,EKM1,
3670,19,EPT,
3671,2,EKM2,
3672,6,KTM,
3675,19,EPT,
3676,12,TVM,
3677,1,EKM1,
3678,12,TVM,
3679,11,PLKD,
3680,12,TVM,
3681,12,TVM,
3682,13,KLM,
3684,13,KLM,
3686,22,GNRL,
3687,30,PMA,
3688,10,MLPM,
3689,4,KYLM,
3690,7,TCR,
3691,2,EKM2,
3692,9,ALPY,
3693,30,PMA,
3694,12,TVM,
3695,23,TVM 2,
3697,30,PMA,
3698,12,TVM,
3700,1,EKM1,
3701,2,EKM2,
3702,23,TVM 2,
3703,33,MVPA,
3704,3,PK,
3705,4,KYLM,
3706,7,TCR,
3707,11,PLKD,
3708,2,EKM2,
3709,7,TCR,
3711,12,TVM,
3712,11,PLKD,
3713,23,TVM 2,
3714,19,EPT,
3715,22,GNRL,
3716,22,GNRL,
3717,11,PLKD,
3718,13,KLM,
3719,19,EPT,
3720,11,PLKD,
3721,12,TVM,
3722,2,EKM2,
3723,1,EKM1,
3724,19,EPT,
3727,23,TVM 2,
3730,11,PLKD,
3731,6,KTM,
3733,22,GNRL,
3734,6,KTM,
3736,13,KLM,
3737,3,PK,
3738,22,GNRL,
3739,4,KYLM,
3740,33,MVPA,
3741,13,KLM,
3742,30,PMA,
3743,22,GNRL,
3744,22,GNRL,
3745,2,EKM2,
3746,10,MLPM,
3747,7,TCR,
3748,12,TVM,
3749,12,TVM,
3750,10,MLPM,
3751,22,GNRL,
3752,12,TVM,
3753,6,KTM,
3754,30,PMA,
3755,2,EKM2,
3756,13,KLM,
3757,22,GNRL,
3758,11,PLKD,
3759,4,KYLM,
3760,2,EKM2,
3761,4,KYLM,
3762,4,KYLM,
3763,12,TVM,
3764,7,TCR,
3765,7,TCR,
3766,10,MLPM,
3767,6,KTM,
3768,30,PMA,
3769,12,TVM,
3770,11,PLKD,
3771,12,TVM,
3772,12,TVM,
3773,43,MLPM,
3774,22,GNRL,
3775,1,EKM1,
3776,13,KLM,
3777,22,GNRL,
3778,12,TVM,
3779,22,GNRL,
3780,12,TVM,
3781,22,GNRL,
3782,10,MLPM,
3783,11,PLKD,
3784,10,MLPM,
3786,10,MLPM,
3787,30,PMA,
3790,10,MLPM,
3791,12,TVM,
3792,2,EKM2,
3793,22,GNRL,
3794,23,TVM 2,
3795,23,TVM 2,
3796,12,TVM,
3797,9,ALPY,
3798,23,TVM 2,
3799,19,EPT,
3800,2,EKM2,
3801,11,PLKD,
3803,6,KTM,
3804,30,PMA,
3805,19,EPT,
3806,9,ALPY,
3807,10,MLPM,
3808,6,KTM,
3809,12,TVM,
3810,11,PLKD,
3811,3,PK,
3812,22,GNRL,
3813,13,KLM,
3814,7,TCR,
3815,4,KYLM,
3816,3,PK,
3817,1,EKM1,
3818,2,EKM2,
3819,9,ALPY,
3820,1,EKM1,
3821,7,TCR,
3822,12,TVM,
3823,22,GNRL,
3824,13,KLM,
3825,12,TVM,
3826,33,MVPA,
3827,7,TCR,
3828,13,KLM,
3829,2,EKM2,
3830,19,EPT,
3831,19,EPT,
3833,13,KLM,
3834,13,KLM,
3835,33,MVPA,
3836,2,EKM2,
3837,2,EKM2,
3838,2,EKM2,
3840,22,GNRL,
3841,12,TVM,
3842,13,KLM,
3843,6,KTM,
3844,7,TCR,
3845,11,PLKD,
3847,6,KTM,
3848,7,TCR,
3849,22,GNRL,
3850,4,KYLM,
3851,30,PMA,
3852,3,PK,
3853,1,EKM1,
3854,3,PK,
3855,4,KYLM,
3856,27,CLT 1,
3857,3,PK,
3858,13,KLM,
3859,27,CLT 1,
3860,22,GNRL,
3861,19,EPT,
3862,11,PLKD,
3863,22,GNRL,
3864,1,EKM1,
3865,13,KLM,
3866,8,TCR 2,
3867,13,KLM,
3868,10,MLPM,
3869,7,TCR,
3870,4,KYLM,
3871,3,PK,
3872,33,MVPA,
3873,27,CLT 1,
3874,13,KLM,
3875,19,EPT,
3876,27,CLT 1,
3877,6,KTM,
3878,7,TCR,
3879,22,GNRL,
3880,6,KTM,
3881,12,TVM,
3882,8,TCR 2,
3883,22,GNRL,
3884,7,TCR,
3885,27,CLT 1,
3887,23,TVM 2,
3888,7,TCR,
3889,13,KLM,
3890,13,KLM,
3891,10,MLPM,
3892,13,KLM,
3893,27,CLT 1,
3894,4,KYLM,
3895,7,TCR,
3896,6,KTM,
3897,6,KTM,
3898,1,EKM1,
3899,4,KYLM,
3900,1,EKM1,
3901,27,CLT 1,
3905,12,TVM,
3906,3,PK,
3907,13,KLM,
3908,13,KLM,
3909,12,TVM,
3910,7,TCR,
3911,6,KTM,
3912,8,TCR 2,
3913,1,EKM1,
3914,3,PK,
3915,30,PMA,
3916,27,CLT 1,
3917,27,CLT 1,
3918,27,CLT 1,
3919,3,PK,
3920,19,EPT,
3921,13,KLM,
3922,12,TVM,
3923,22,GNRL,
3924,10,MLPM,
3925,27,CLT 1,
3927,9,ALPY,
3928,10,MLPM,
3929,13,KLM,
3930,22,GNRL,
3931,22,GNRL,
3932,6,KTM,
3933,27,CLT 1,
3934,13,KLM,
3935,22,GNRL,
3936,27,CLT 1,
3937,4,KYLM,
3938,10,MLPM,
3939,13,KLM,
3940,12,TVM,
3941,27,CLT 1,
3942,13,KLM,
3943,27,CLT 1,
3944,3,PK,
3945,1,EKM1,
3946,12,TVM,
3947,13,KLM,
3948,3,PK,
3949,58,TVM2,
3950,13,KLM,
3951,4,KYLM,
3952,1,EKM1,
3953,30,PMA,
3954,11,PLKD,
3956,27,CLT 1,
3957,33,MVPA,
3960,27,CLT 1,
3961,27,CLT 1,
3962,12,TVM,
3963,13,KLM,
3964,13,KLM,
3965,13,KLM,
3966,10,MLPM,
3967,27,CLT 1,
3968,12,TVM,
3969,12,TVM,
3970,6,KTM,
3971,11,PLKD,
3972,4,KYLM,
3974,6,KTM,
3975,13,KLM,
3976,2,EKM2,
3977,13,KLM,
3978,4,KYLM,
3979,11,PLKD,
3980,11,PLKD,
3981,11,PLKD,
3982,22,GNRL,
3983,30,PMA,
3984,30,PMA,
3985,4,KYLM,
3986,4,KYLM,
3987,11,PLKD,
3988,12,TVM,
3989,12,TVM,
3990,4,KYLM,
3991,4,KYLM,
3992,12,TVM,
3993,13,KLM,
3994,1,EKM1,
3996,7,TCR,
3997,3,PK,
3998,33,MVPA,
3999,12,TVM,
4000,22,GNRL,
4001,12,TVM,
4003,3,PK,
4008,9,ALPY,
4009,7,TCR,
4010,27,CLT 1,
4011,13,KLM,
4012,23,TVM 2,
4013,27,CLT 1,
4014,6,KTM,
4015,12,TVM,
4016,12,TVM,
4017,7,TCR,
4018,1,EKM1,
4019,7,TCR,
4020,19,EPT,
4021,3,PK,
4022,3,PK,
4023,7,TCR,
4024,13,KLM,
4025,13,KLM,
4026,4,KYLM,
4027,7,TCR,
4028,2,EKM2,
4029,12,TVM,
4030,10,MLPM,
4031,13,KLM,
4032,6,KTM,
4033,3,PK,
4034,7,TCR,
4035,22,GNRL,
4036,30,PMA,
4037,13,KLM,
4038,13,KLM,
4041,3,PK,
4042,3,PK,
4044,13,KLM,
4045,22,GNRL,
4046,6,KTM,
4047,33,MVPA,
4048,4,KYLM,
4049,10,MLPM,
4050,6,KTM,
4051,27,CLT 1,
4052,2,EKM2,
4053,30,PMA,
4054,12,TVM,
4056,7,TCR,
4057,27,CLT 1,
4059,13,KLM,
4060,4,KYLM,
4061,12,TVM,
4062,3,PK,
4063,10,MLPM,
4064,10,MLPM,
4065,11,PLKD,
4066,4,KYLM,
4067,3,PK,
4068,6,KTM,
4069,11,PLKD,
4070,22,GNRL,
4071,62,KEK,
4072,13,KLM,
4073,10,MLPM,
4074,11,PLKD,
4075,22,GNRL,
4076,19,EPT,
4078,13,KLM,
4079,3,PK,
4080,19,EPT,
4081,7,TCR,
4082,3,PK,
4083,7,TCR,
4084,7,TCR,
4085,2,EKM2,
4086,13,KLM,
4087,6,KTM,
4088,7,TCR,
4089,12,TVM,
4090,4,KYLM,
4091,4,KYLM,
4092,6,KTM,
4093,10,MLPM,
4094,1,EKM1,
4095,23,TVM 2,
4096,13,KLM,
4097,10,MLPM,
4098,33,MVPA,
4099,30,PMA,
4100,11,PLKD,
4101,22,GNRL,
4102,13,KLM,
4103,3,PK,
4104,11,PLKD,
4105,13,KLM,
4106,2,EKM2,
4107,7,TCR,
4108,9,ALPY,
4109,30,PMA,
4110,8,TCR 2,
4111,7,TCR,
4112,12,TVM,
4113,9,ALPY,
4115,22,GNRL,
4116,19,EPT,
4117,22,GNRL,
4118,6,KTM,
4119,13,KLM,
4123,7,TCR,
4124,7,TCR,
4125,7,TCR,
4126,6,KTM,
4127,19,EPT,
4128,4,KYLM,
4129,2,EKM2,
4130,1,EKM1,
4131,4,KYLM,
4132,3,PK,
4133,22,GNRL,
4134,10,MLPM,
4135,33,MVPA,
4136,11,PLKD,
4137,22,GNRL,
4138,22,GNRL,
4139,22,GNRL,
4140,27,CLT 1,
4141,33,MVPA,
4142,4,KYLM,
4143,33,MVPA,
4144,30,PMA,
4145,22,GNRL,
4146,4,KYLM,
4147,11,PLKD,
4148,33,MVPA,
4149,33,MVPA,
4150,2,EKM2,
4151,1,EKM1,
4152,22,GNRL,
4153,22,GNRL,
4154,22,GNRL,
4155,3,PK,
4156,2,EKM2,
4157,13,KLM,
4158,13,KLM,
4159,7,TCR,
4160,30,PMA,
4161,30,PMA,
4162,11,PLKD,
4163,4,KYLM,
4164,11,PLKD,
4165,13,KLM,
4166,1,EKM1,
4167,12,TVM,
4168,30,PMA,
4169,9,ALPY,
4171,4,KYLM,
4173,12,TVM,
4175,13,KLM,
4176,22,GNRL,
4177,22,GNRL,
4180,4,KYLM,
4181,7,TCR,
4182,1,EKM1,
4183,22,GNRL,
4184,27,CLT 1,
4185,11,PLKD,
4186,7,TCR,
4187,13,KLM,
4188,12,TVM,
4189,6,KTM,
4190,13,KLM,
4191,13,KLM,
4192,12,TVM,
4193,13,KLM,
4194,30,PMA,
4195,13,KLM,
4196,13,KLM,
4197,4,KYLM,
4198,13,KLM,
4199,2,EKM2,
4200,22,GNRL,
4210,12,TVM,
4213,22,GNRL,
4214,13,KLM,
4216,10,MLPM,
4217,12,TVM,
4218,22,GNRL,
4219,2,EKM2,
4220,22,GNRL,
4221,11,PLKD,
4222,11,PLKD,
4223,2,EKM2,
4224,27,CLT 1,
4225,3,PK,
4226,2,EKM2,
4227,23,TVM 2,
4228,19,EPT,
4229,8,TCR 2,
4230,4,KYLM,
4231,12,TVM,
4232,30,PMA,
4233,12,TVM,
4234,6,KTM,
4235,13,KLM,
4236,7,TCR,
4237,19,EPT,
4238,10,MLPM,
4239,13,KLM,
4240,13,KLM,
4241,10,MLPM,
4242,33,MVPA,
4243,13,KLM,
4244,30,PMA,
4245,30,PMA,
4246,2,EKM2,
4247,6,KTM,
4248,10,MLPM,
4254,12,TVM,
4255,22,GNRL,
4256,22,GNRL,
4257,22,GNRL,
4258,12,TVM,
4259,13,KLM,
4260,12,TVM,
4261,12,TVM,
4262,2,EKM2,
4263,22,GNRL,
4264,19,EPT,
4265,2,EKM2,
4266,10,MLPM,
4267,13,KLM,
4268,13,KLM,
4269,8,TCR 2,
4270,33,MVPA,
4271,4,KYLM,
4272,12,TVM,
4273,1,EKM1,
4274,30,PMA,
4275,13,KLM,
4276,13,KLM,
4277,11,PLKD,
4278,13,KLM,
4281,11,PLKD,
4285,11,PLKD,
4286,22,GNRL,
4287,13,KLM,
4289,2,EKM2,
4290,1,EKM1,
4291,4,KYLM,
4292,22,GNRL,
4293,12,TVM,
4294,9,ALPY,
4295,6,KTM,
4296,13,KLM,
4297,22,GNRL,
4298,22,GNRL,
4299,13,KLM,
4300,3,PK,
4301,27,CLT 1,
4302,10,MLPM,
4303,19,EPT,
4304,8,TCR 2,
4305,48,KTM,
4306,13,KLM,
4307,1,EKM1,
4308,12,TVM,
4309,9,ALPY,
4310,30,PMA,
4311,13,KLM,
4312,6,KTM,
4313,11,PLKD,
4314,22,GNRL,
4315,22,GNRL,
4317,19,EPT,
4318,12,TVM,
4319,12,TVM,
4320,30,PMA,
4321,7,TCR,
4322,12,TVM,
4323,13,KLM,
4324,4,KYLM,
4328,12,TVM,
4333,2,EKM2,
4334,8,TCR 2,
4336,12,TVM,
4337,1,EKM1,
4338,10,MLPM,
4339,13,KLM,
4340,4,KYLM,
4341,13,KLM,
4342,11,PLKD,
4343,12,TVM,
4344,23,TVM 2,
4345,22,GNRL,
4346,13,KLM,
4347,10,MLPM,
4348,9,ALPY,
4349,30,PMA,
4350,7,TCR,
4351,13,KLM,
4352,6,KTM,
4353,6,KTM,
4354,2,EKM2,
4355,22,GNRL,
4356,12,TVM,
4357,13,KLM,
4358,2,EKM2,
4359,33,MVPA,
4360,23,TVM 2,
4361,13,KLM,
4362,3,PK,
4363,7,TCR,
4364,10,MLPM,
4365,22,GNRL,
4369,10,MLPM,
4370,2,EKM2,
4372,19,EPT,
4373,13,KLM,
4374,27,CLT 1,
4375,12,TVM,
4376,6,KTM,
4377,33,MVPA,
4378,22,GNRL,
4380,7,TCR,
4381,1,EKM1,
4382,10,MLPM,
4383,33,MVPA,
4384,13,KLM,
4385,6,KTM,
4386,22,GNRL,
4388,7,TCR,
4389,1,EKM1,
4390,7,TCR,
4391,12,TVM,
4392,6,KTM,
4394,13,KLM,
4395,12,TVM,
4396,4,KYLM,
4397,27,CLT 1,
4398,12,TVM,
4399,11,PLKD,
4400,23,TVM 2,
4403,22,GNRL,
4404,22,GNRL,
4405,2,EKM2,
4406,27,CLT 1,
4409,3,PK,
4410,23,TVM 2,
4411,10,MLPM,
4412,1,EKM1,
4413,22,GNRL,
4414,19,EPT,
4415,13,KLM,
4416,22,GNRL,
4417,4,KYLM,
4418,33,MVPA,
4419,1,EKM1,
4420,10,MLPM,
4421,11,PLKD,
4422,23,TVM 2,
4423,13,KLM,
4424,12,TVM,
4425,33,MVPA,
4426,1,EKM1,
4427,10,MLPM,
4428,6,KTM,
4429,13,KLM,
4430,4,KYLM,
4431,22,GNRL,
4432,11,PLKD,
4433,10,MLPM,
4434,19,EPT,
4435,11,PLKD,
4436,1,EKM1,
4438,12,TVM,
4439,4,KYLM,
4440,62,KEK,
4441,12,TVM,
4442,1,EKM1,
4443,13,KLM,
4444,4,KYLM,
4445,13,KLM,
4446,13,KLM,
4447,12,TVM,
4448,11,PLKD,
4449,3,PK,
4450,8,TCR 2,
4451,12,TVM,
4452,23,TVM 2,
4453,3,PK,
4454,3,PK,
4455,13,KLM,
4456,13,KLM,
4457,22,GNRL,
4458,22,GNRL,
4459,10,MLPM,
4460,30,PMA,
4461,6,KTM,
4462,22,GNRL,
4463,30,PMA,
4464,12,TVM,
4465,12,TVM,
4466,8,TCR 2,
4467,7,TCR,
4468,10,MLPM,
4469,7,TCR,
4470,13,KLM,
4471,6,KTM,
4472,10,MLPM,
4473,22,GNRL,
4474,19,EPT,
4475,13,KLM,
4476,33,MVPA,
4477,33,MVPA,
4478,30,PMA,
4479,1,EKM1,
4480,12,TVM,
4481,1,EKM1,
4482,12,TVM,
4483,2,EKM2,
4484,8,TCR 2,
4485,9,ALPY,
4486,33,MVPA,
4487,19,EPT,
4489,22,GNRL,
4490,13,KLM,
4492,12,TVM,
4493,2,EKM2,
4494,1,EKM1,
4495,6,KTM,
4496,7,TCR,
4498,6,KTM,
4499,13,KLM,
4500,1,EKM1,
4501,1,EKM1,
4502,6,KTM,
4503,27,CLT 1,
4504,11,PLKD,
4505,12,TVM,
4506,33,MVPA,
4507,13,KLM,
4509,8,TCR 2,
4510,12,TVM,
4511,11,PLKD,
4512,6,KTM,
4513,13,KLM,
4515,8,TCR 2,
4516,12,TVM,
4517,6,KTM,
4518,12,TVM,
4519,22,GNRL,
4520,62,KEK,
4521,30,PMA,
4522,22,GNRL,
4523,12,TVM,
4524,33,MVPA,
4525,7,TCR,
4526,1,EKM1,
4527,23,TVM 2,
4528,13,KLM,
4529,1,EKM1,
4530,13,KLM,
4531,7,TCR,
4532,10,MLPM,
4533,12,TVM,
4534,12,TVM,
4535,22,GNRL,
4536,22,GNRL,
4537,2,EKM2,
4538,22,GNRL,
4539,3,PK,
4540,10,MLPM,
4541,6,KTM,
4542,30,PMA,
4543,2,EKM2,
4544,7,TCR,
4545,30,PMA,
4546,1,EKM1,
4547,22,GNRL,
4548,22,GNRL,
4549,7,TCR,
4550,13,KLM,
4551,6,KTM,
4552,33,MVPA,
4553,7,TCR,
4554,4,KYLM,
4555,12,TVM,
4556,13,KLM,
4557,30,PMA,
4558,4,KYLM,
4559,33,MVPA,
4560,13,KLM,
4561,22,GNRL,
4594,12,TVM,
4595,12,TVM,
4596,1,EKM1,
4597,7,TCR,
4598,6,KTM,
4599,22,GNRL,
4601,22,GNRL,
4602,22,GNRL,
4605,10,MLPM,
4606,10,MLPM,
4607,9,ALPY,
4608,23,TVM 2,
4609,23,TVM 2,
4610,12,TVM,
4612,12,TVM,
4613,1,EKM1,
4614,11,PLKD,
4615,33,MVPA,
4616,9,ALPY,
4617,9,ALPY,
4618,62,KEK,
4619,22,GNRL,
4620,13,KLM,
4621,23,TVM 2,
4622,3,PK,
4623,7,TCR,
4624,11,PLKD,
4625,2,EKM2,
4626,12,TVM,
4627,22,GNRL,
4629,1,EKM1,
4630,12,TVM,
4632,12,TVM,
4633,3,PK,
4634,33,MVPA,
4635,13,KLM,
4636,22,GNRL,
4637,2,EKM2,
4638,22,GNRL,
4639,7,TCR,
4640,11,PLKD,
4641,4,KYLM,
4642,9,ALPY,
4643,13,KLM,
4644,8,TCR 2,
4645,12,TVM,
4646,2,EKM2,
4647,10,MLPM,
4648,3,PK,
4650,10,MLPM,
4651,2,EKM2,
4652,7,TCR,
4653,13,KLM,
4655,10,MLPM,
4656,12,TVM,
4657,30,PMA,
4658,30,PMA,
4659,12,TVM,
4660,2,EKM2,
4661,30,PMA,
4662,8,TCR 2,
4663,13,KLM,
4664,1,EKM1,
4665,7,TCR,
4666,4,KYLM,
4667,13,KLM,
4668,13,KLM,
4669,10,MLPM,
4670,11,PLKD,
4673,22,GNRL,
4674,22,GNRL,
4675,27,CLT 1,
4676,4,KYLM,
4677,10,MLPM,
4678,12,TVM,
4679,2,EKM2,
4680,3,PK,
4681,10,MLPM,
4682,4,KYLM,
4683,19,EPT,
4684,3,PK,
4685,23,TVM 2,
4686,12,TVM,
4687,30,PMA,
4688,3,PK,
4689,13,KLM,
4690,22,GNRL,
4691,9,ALPY,
4692,22,GNRL,
4693,12,TVM,
4694,10,MLPM,
4695,1,EKM1,
4696,4,KYLM,
4697,10,MLPM,
4698,3,PK,
4699,6,KTM,
4700,8,TCR 2,
4701,10,MLPM,
4702,6,KTM,
4703,30,PMA,
4704,6,KTM,
4705,30,PMA,
4706,4,KYLM,
4707,7,TCR,
4708,1,EKM1,
4709,33,MVPA,
4710,6,KTM,
4714,7,TCR,
4715,2,EKM2,
4716,12,TVM,
4717,11,PLKD,
4718,7,TCR,
4719,1,EKM1,
4720,2,EKM2,
4721,33,MVPA,
4722,1,EKM1,
4723,6,KTM,
4724,12,TVM,
4725,13,KLM,
4726,33,MVPA,
4727,1,EKM1,
4728,13,KLM,
4729,22,GNRL,
4730,1,EKM1,
4731,12,TVM,
4732,6,KTM,
4733,1,EKM1,
4734,13,KLM,
4735,3,PK,
4736,23,TVM 2,
4737,1,EKM1,
4738,7,TCR,
4740,6,KTM,
4741,23,TVM 2,
4742,12,TVM,
4743,4,KYLM,
4744,4,KYLM,
4746,3,PK,
4747,22,GNRL,
4749,3,PK,
4750,7,TCR,
4753,6,KTM,
4754,7,TCR,
4755,3,PK,
4756,10,MLPM,
4757,2,EKM2,
4758,22,GNRL,
4759,13,KLM,
4760,6,KTM,
4761,6,KTM,
4762,4,KYLM,
4763,12,TVM,
4765,1,EKM1,
4766,13,KLM,
4767,22,GNRL,
4768,12,TVM,
4769,22,GNRL,
4770,8,TCR 2,
4771,9,ALPY,
4772,13,KLM,
4773,13,KLM,
4774,10,MLPM,
4775,12,TVM,
4777,33,MVPA,
4778,13,KLM,
4779,3,PK,
4780,12,TVM,
4781,11,PLKD,
4782,22,GNRL,
4783,11,PLKD,
4784,13,KLM,
4785,6,KTM,
4786,11,PLKD,
4787,13,KLM,
4788,13,KLM,
4789,23,TVM 2,
4790,12,TVM,
4791,19,EPT,
4792,4,KYLM,
4793,9,ALPY,
4794,4,KYLM,
4796,4,KYLM,
4797,4,KYLM,
4798,7,TCR,
4799,4,KYLM,
4800,7,TCR,
4801,12,TVM,
4802,9,ALPY,
4803,10,MLPM,
4804,4,KYLM,
4805,10,MLPM,
4806,10,MLPM,
4808,7,TCR,
4809,4,KYLM,
4810,6,KTM,
4811,22,GNRL,
4812,12,TVM,
4813,22,GNRL,
4814,1,EKM1,
4815,4,KYLM,
4816,27,CLT 1,
4817,27,CLT 1,
4818,22,GNRL,
4819,33,MVPA,
4820,10,MLPM,
4821,2,EKM2,
4822,9,ALPY,
4823,22,GNRL,
4824,22,GNRL,
4825,2,EKM2,
4828,8,TCR 2,
4830,2,EKM2,
4831,10,MLPM,
4832,9,ALPY,
4833,13,KLM,
4834,33,MVPA,
4835,12,TVM,
4836,30,PMA,
4837,1,EKM1,
4838,22,GNRL,
4839,12,TVM,
4840,27,CLT 1,
4841,13,KLM,
4842,3,PK,
4843,33,MVPA,
4844,12,TVM,
4845,30,PMA,
4846,13,KLM,
4847,19,EPT,
4848,3,PK,
4850,11,PLKD,
4851,13,KLM,
4852,4,KYLM,
4853,19,EPT,
4854,62,KEK,
4855,27,CLT 1,
4856,13,KLM,
4857,13,KLM,
4858,12,TVM,
4859,12,TVM,
4860,1,EKM1,
4861,27,CLT 1,
4862,13,KLM,
4863,4,KYLM,
4864,4,KYLM,
4865,1,EKM1,
4866,19,EPT,
4867,2,EKM2,
4868,3,PK,
4869,10,MLPM,
4870,33,MVPA,
4871,4,KYLM,
4872,12,TVM,
4873,22,GNRL,
4874,6,KTM,
4875,22,GNRL,
4876,19,EPT,
4877,4,KYLM,
4878,54,CLT 2,
4879,13,KLM,
4880,19,EPT,
4881,13,KLM,
4882,19,EPT,
4883,10,MLPM,
4884,27,CLT 1,
4885,1,EKM1,
4887,11,PLKD,
4888,2,EKM2,
4889,1,EKM1,
4890,22,GNRL,
4891,10,MLPM,
4892,13,KLM,
4893,7,TCR,
4894,11,PLKD,
4895,1,EKM1,
4896,13,KLM,
4897,6,KTM,
4898,13,KLM,
4899,1,EKM1,
4900,1,EKM1,
4901,8,TCR 2,
4902,10,MLPM,
4903,11,PLKD,
4904,6,KTM,
4905,10,MLPM,
4906,4,KYLM,
4907,10,MLPM,
4908,2,EKM2,
4909,23,TVM 2,
4910,13,KLM,
4911,22,GNRL,
4912,10,MLPM,
4913,22,GNRL,
4914,6,KTM,
4915,27,CLT 1,
4916,33,MVPA,
4917,22,GNRL,
4918,22,GNRL,
4919,10,MLPM,
4920,10,MLPM,
4923,22,GNRL,
4924,22,GNRL,
4925,2,EKM2,
4926,1,EKM1,
4927,3,PK,
4928,30,PMA,
4929,2,EKM2,
4930,22,GNRL,
4931,33,MVPA,
4932,27,CLT 1,
4933,6,KTM,
4934,22,GNRL,
4935,1,EKM1,
4936,8,TCR 2,
4937,3,PK,
4940,3,PK,
4941,13,KLM,
4942,10,MLPM,
4943,23,TVM 2,
4944,2,EKM2,
4945,30,PMA,
4946,13,KLM,
4947,13,KLM,
4948,12,TVM,
4949,7,TCR,
4950,3,PK,
4951,8,TCR 2,
4952,3,PK,
4953,4,KYLM,
4954,13,KLM,
4955,10,MLPM,
4956,8,TCR 2,
4957,2,EKM2,
4958,11,PLKD,
4959,9,ALPY,
4960,22,GNRL,
4961,12,TVM,
4962,33,MVPA,
4963,22,GNRL,
4964,22,GNRL,
4965,22,GNRL,
4966,10,MLPM,
4967,12,TVM,
4968,22,GNRL,
4969,4,KYLM,
4970,10,MLPM,
4971,33,MVPA,
4972,30,PMA,
4973,8,TCR 2,
4974,13,KLM,
4975,22,GNRL,
4976,3,PK,
4977,6,KTM,
4978,12,TVM,
4979,33,MVPA,
4980,22,GNRL,
4981,22,GNRL,
4983,7,TCR,
4984,7,TCR,
4985,3,PK,
4986,7,TCR,
4987,27,CLT 1,
4988,12,TVM,
4989,6,KTM,
4990,8,TCR 2,
4991,22,GNRL,
4992,9,ALPY,
4993,4,KYLM,
4994,22,GNRL,
4995,10,MLPM,
4996,22,GNRL,
4997,22,GNRL,
4998,10,MLPM,
4999,1,EKM1,
5000,6,KTM,
5001,4,KYLM,
5002,52,TCR2,
5003,13,KLM,
5004,12,TVM,
5005,4,KYLM,
5006,9,ALPY,
5007,22,GNRL,
5008,13,KLM,
5009,3,PK,
5010,33,MVPA,
5011,12,TVM,
5012,22,GNRL,
5013,7,TCR,
5014,22,GNRL,
5015,2,EKM2,
5017,19,EPT,
5018,22,GNRL,
5019,23,TVM 2,
5020,12,TVM,
5021,11,PLKD,
5022,22,GNRL,
5023,7,TCR,
5024,8,TCR 2,
5025,27,CLT 1,
5026,4,KYLM,
5027,7,TCR,
5028,22,GNRL,
5029,22,GNRL,
5030,6,KTM,
5031,2,EKM2,
5032,3,PK,
5033,12,TVM,
5034,1,EKM1,
5037,1,EKM1,
5038,27,CLT 1,
5039,12,TVM,
5040,30,PMA,
5041,30,PMA,
5042,22,GNRL,
5043,13,KLM,
5044,23,TVM 2,
5045,2,EKM2,
5046,12,TVM,
5047,6,KTM,
5048,12,TVM,
5049,22,GNRL,
5050,22,GNRL,
5051,8,TCR 2,
5052,22,GNRL,
5053,13,KLM,
5054,6,KTM,
5055,2,EKM2,
5057,54,CLT 2,
5058,22,GNRL,
5059,54,CLT 2,
5060,22,GNRL,
5061,4,KYLM,
5062,4,KYLM,
5063,22,GNRL,
5064,1,EKM1,
5065,10,MLPM,
5066,4,KYLM,
5067,30,PMA,
5068,54,CLT 2,
5069,3,PK,
5070,10,MLPM,
5071,54,CLT 2,
5072,12,TVM,
5073,13,KLM,
5074,7,TCR,
5075,3,PK,
5076,30,PMA,
5077,9,ALPY,
5078,4,KYLM,
5079,13,KLM,
5080,22,GNRL,
5082,54,CLT 2,
5083,22,GNRL,
5084,22,GNRL,
5085,6,KTM,
5086,6,KTM,
5087,8,TCR 2,
5088,22,GNRL,
5089,22,GNRL,
5090,8,TCR 2,
5091,22,GNRL,
5092,30,PMA,
5093,13,KLM,
5094,6,KTM,
5095,6,KTM,
5096,27,CLT 1,
5097,10,MLPM,
5099,30,PMA,
5100,6,KTM,
5101,27,CLT 1,
5102,12,TVM,
5104,22,GNRL,
5105,33,MVPA,
5106,33,MVPA,
5107,10,MLPM,
5108,2,EKM2,
5109,10,MLPM,
5110,22,GNRL,
5111,22,GNRL,
5112,22,GNRL,
5113,22,GNRL,
5114,22,GNRL,
5115,33,MVPA,
5116,22,GNRL,
5117,33,MVPA,
5118,10,MLPM,
5119,13,KLM,
5120,8,TCR 2,
5121,19,EPT,
5122,22,GNRL,
5123,3,PK,
5124,9,ALPY,
5125,12,TVM,
5126,12,TVM,
5127,9,ALPY,
5128,9,ALPY,
5129,33,MVPA,
5130,4,KYLM,
5131,8,TCR 2,
5132,7,TCR,
5133,22,GNRL,
5134,22,GNRL,
5135,13,KLM,
5136,22,GNRL,
5137,4,KYLM,
5138,33,MVPA,
5139,13,KLM,
5140,2,EKM2,
5141,4,KYLM,
5142,12,TVM,
5143,22,GNRL,
5144,3,PK,
5145,2,EKM2,
5146,7,TCR,
5147,10,MLPM,
5149,19,EPT,
5150,13,KLM,
5151,10,MLPM,
5152,12,TVM,
5153,19,EPT,
5154,12,TVM,
5155,12,TVM,
5156,33,MVPA,
5157,7,TCR,
5158,3,PK,
5159,13,KLM,
5160,10,MLPM,
5161,9,ALPY,
5162,13,KLM,
5163,22,GNRL,
5164,2,EKM2,
5165,9,ALPY,
5166,2,EKM2,
5167,8,TCR 2,
5168,7,TCR,
5169,13,KLM,
5171,33,MVPA,
5172,7,TCR,
5173,13,KLM,
5175,12,TVM,
5176,30,PMA,
5177,22,GNRL,
5178,12,TVM,
5179,19,EPT,
5180,2,EKM2,
5181,13,KLM,
5182,52,TCR2,
5183,9,ALPY,
5184,13,KLM,
5185,13,KLM,
5186,22,GNRL,
5187,8,TCR 2,
5188,11,PLKD,
5189,13,KLM,
5190,13,KLM,
5191,13,KLM,
5192,6,KTM,
5193,3,PK,
5194,2,EKM2,
5196,3,PK,
5197,4,KYLM,
5198,19,EPT,
5199,4,KYLM,
5200,12,TVM,
5201,12,TVM,
5202,12,TVM,
5203,19,EPT,
5204,9,ALPY,
5205,12,TVM,
5206,54,CLT 2,
5207,22,GNRL,
5208,3,PK,
5213,22,GNRL,
5214,22,GNRL,
5215,10,MLPM,
5216,12,TVM,
5217,27,CLT 1,
5218,8,TCR 2,
5219,4,KYLM,
5220,13,KLM,
5221,4,KYLM,
5222,22,GNRL,
5223,33,MVPA,
5224,13,KLM,
5225,2,EKM2,
5226,2,EKM2,
5227,1,EKM1,
5229,13,KLM,
5230,22,GNRL,
5231,22,GNRL,
5232,22,GNRL,
5233,19,EPT,
5234,3,PK,
5235,13,KLM,
5236,22,GNRL,
5237,13,KLM,
5239,62,KEK,
5240,13,KLM,
5241,6,KTM,
5242,8,TCR 2,
5243,12,TVM,
5244,2,EKM2,
5245,22,GNRL,
5246,10,MLPM,
5247,8,TCR 2,
5248,10,MLPM,
5249,10,MLPM,
5250,33,MVPA,
5251,22,GNRL,
5252,22,GNRL,
5253,33,MVPA,
5254,22,GNRL,
5255,19,EPT,
5256,4,KYLM,
5257,22,GNRL,
5258,7,TCR,
5259,22,GNRL,
5260,22,GNRL,
5261,12,TVM,
5262,10,MLPM,
5263,22,GNRL,
5264,13,KLM,
5265,22,GNRL,
5266,3,PK,
5267,22,GNRL,
5268,22,GNRL,
5269,10,MLPM,
5270,11,PLKD,
5271,22,GNRL,
5272,30,PMA,
5273,22,GNRL,
5274,22,GNRL,
5275,9,ALPY,
5276,30,PMA,
5277,22,GNRL,
5278,10,MLPM,
5279,7,TCR,
5280,4,KYLM,
5281,12,TVM,
5282,33,MVPA,
5283,10,MLPM,
5284,10,MLPM,
5285,22,GNRL,
5286,22,GNRL,
5288,22,GNRL,
5289,13,KLM,
5290,55,KOTTAYAM,
5291,56,ETTUMANOOR,
5295,22,GNRL,
5296,12,TVM,
5299,23,TVM 2,
5301,12,TVM,
5306,8,TCR 2,
5307,12,TVM,
5308,12,TVM,
5309,12,TVM,
5310,12,TVM,
5313,12,TVM,
5314,22,GNRL,
5315,22,GNRL,
5316,8,TCR 2,
5317,22,GNRL,
5318,12,TVM,
5320,12,TVM,
5323,12,TVM,
5324,22,GNRL,
5325,22,GNRL,
5326,4,KYLM,
5327,8,TCR 2,
5328,22,GNRL,
5329,1,EKM1,
5330,13,KLM,
5332,11,PLKD,
5333,8,TCR 2,
5334,6,KTM,
5335,62,KEK,
5337,2,EKM2,
5338,22,GNRL,
5339,22,GNRL,
5340,1,EKM1,
5341,6,KTM,
5342,22,GNRL,
5343,3,PK,
5344,12,TVM,
5345,8,TCR 2,
5346,11,PLKD,
5347,12,TVM,
5348,19,EPT,
5349,22,GNRL,
5350,4,KYLM,
5351,27,CLT 1,
5352,7,TCR,
5353,13,KLM,
5354,2,EKM2,
5355,33,MVPA,
5356,3,PK,
5357,12,TVM,
5358,1,EKM1,
5359,4,KYLM,
5360,12,TVM,
5361,22,GNRL,
5362,13,KLM,
5363,22,GNRL,
5364,13,KLM,
5365,13,KLM,
5366,22,GNRL,
5367,11,PLKD,
5368,22,GNRL,
5369,22,GNRL,
5370,13,KLM,
5371,33,MVPA,
5372,4,KYLM,
5373,6,KTM,
5374,13,KLM,
5375,11,PLKD,
5376,12,TVM,
5377,22,GNRL,
5378,10,MLPM,
5379,6,KTM,
5380,12,TVM,
5381,4,KYLM,
5382,2,EKM2,
5383,19,EPT,
5384,19,EPT,
5385,19,EPT,
5386,2,EKM2,
5387,54,CLT 2,
5388,12,TVM,
5389,22,GNRL,
5390,2,EKM2,
5391,12,TVM,
5392,22,GNRL,
5393,7,TCR,
5394,1,EKM1,
5395,13,KLM,
5396,13,KLM,
5397,22,GNRL,
5398,9,ALPY,
5399,22,GNRL,
5400,22,GNRL,
5401,1,EKM1,
5402,22,GNRL,
5403,12,TVM,
5404,10,MLPM,
5405,6,KTM,
5406,22,GNRL,
5407,22,GNRL,
5408,23,TVM 2,
5409,27,CLT 1,
5410,22,GNRL,
5411,22,GNRL,
5412,22,GNRL,
5413,22,GNRL,
5414,6,KTM,
5415,22,GNRL,
5416,12,TVM,
5417,22,GNRL,
5418,30,PMA,
5419,13,KLM,
5420,12,TVM,
5421,19,EPT,
5422,13,KLM,
5423,12,TVM,
5424,23,TVM 2,
5425,22,GNRL,
5426,7,TCR,
5428,19,EPT,
5429,22,GNRL,
5430,33,MVPA,
5431,19,EPT,
5432,8,TCR 2,
5433,11,PLKD,
5434,1,EKM1,
5435,22,GNRL,
5436,11,PLKD,
5437,1,EKM1,
5438,7,TCR,
5439,3,PK,
5440,4,KYLM,
5441,8,TCR 2,
5442,10,MLPM,
5443,22,GNRL,
5444,22,GNRL,
5445,54,CLT 2,
5446,22,GNRL,
5447,12,TVM,
5448,22,GNRL,
5449,22,GNRL,
5450,8,TCR 2,
5451,2,EKM2,
5452,4,KYLM,
5453,22,GNRL,
5454,22,GNRL,
5455,22,GNRL,
5456,22,GNRL,
5457,12,TVM,
5458,6,KTM,
5459,12,TVM,
5460,12,TVM,
5461,10,MLPM,
5462,22,GNRL,
5463,27,CLT 1,
5464,22,GNRL,
5465,13,KLM,
5466,27,CLT 1,
5467,6,KTM,
5468,22,GNRL,
5469,27,CLT 1,
5471,12,TVM,
5472,10,MLPM,
5475,30,PMA,
5476,30,PMA,
5477,22,GNRL,
5478,13,KLM,
5480,12,TVM,
5481,33,MVPA,
5484,19,EPT,
5485,54,CLT 2,
5486,33,MVPA,
5487,2,EKM2,
5488,22,GNRL,
5489,22,GNRL,
5490,19,EPT,
5491,22,GNRL,
5492,22,GNRL,
5493,13,KLM,
5494,19,EPT,
5495,54,CLT 2,
5496,4,KYLM,
5497,22,GNRL,
5498,22,GNRL,
5499,22,GNRL,
5500,22,GNRL,
5501,2,EKM2,
5502,1,EKM1,
5503,22,GNRL,
5504,12,TVM,
5505,9,ALPY,
5506,19,EPT,
5507,1,EKM1,
5508,22,GNRL,
5509,11,PLKD,
5510,22,GNRL,
5511,19,EPT,
5512,13,KLM,
5513,12,TVM,
5514,13,KLM,
5515,12,TVM,
5516,30,PMA,
5517,22,GNRL,
5518,6,KTM,
5519,1,EKM1,
5520,4,KYLM,
5521,10,MLPM,
5522,12,TVM,
5523,22,GNRL,
5524,22,GNRL,
5525,4,KYLM,
5526,7,TCR,
5527,54,CLT 2,
5528,8,TCR 2,
5529,22,GNRL,
5530,22,GNRL,
5531,22,GNRL,
5532,27,CLT 1,
5533,12,TVM,
5534,8,TCR 2,
5535,54,CLT 2,
5536,22,GNRL,
5537,54,CLT 2,
5539,6,KTM,
5540,13,KLM,
5541,22,GNRL,
5542,30,PMA,
5543,22,GNRL,
5544,23,TVM 2,
5545,10,MLPM,
5546,8,TCR 2,
5547,22,GNRL,
5548,1,EKM1,
5550,22,GNRL,
5551,10,MLPM,
5552,9,ALPY,
5553,12,TVM,
5554,4,KYLM,
5555,30,PMA,
5556,12,TVM,
5557,22,GNRL,
5558,1,EKM1,
5559,1,EKM1,
5560,22,GNRL,
5561,6,KTM,
5562,2,EKM2,
5563,7,TCR,
5564,4,KYLM,
5569,11,PLKD,
5570,30,PMA,
5571,33,MVPA,
5572,22,GNRL,
5573,22,GNRL,
5574,13,KLM,
5575,4,KYLM,
5576,1,EKM1,
5577,22,GNRL,
5578,30,PMA,
5579,22,GNRL,
5580,3,PK,
5581,3,PK,
5582,54,CLT 2,
5583,22,GNRL,
5584,10,MLPM,
5585,6,KTM,
5586,1,EKM1,
5587,22,GNRL,
5588,8,TCR 2,
5589,22,GNRL,
5590,22,GNRL,
5591,22,GNRL,
5592,6,KTM,
5605,2,EKM2,
5606,6,KTM,
5607,54,CLT 2,
5608,22,GNRL,
5609,8,TCR 2,
5610,6,KTM,
5612,2,EKM2,
5613,2,EKM2,
5614,13,KLM,
5615,22,GNRL,
5616,33,MVPA,
5617,33,MVPA,
5618,54,CLT 2,
5619,1,EKM1,
5620,22,GNRL,
5621,13,KLM,
5622,12,TVM,
5623,7,TCR,
5624,6,KTM,
5625,11,PLKD,
5626,11,PLKD,
5627,3,PK,
5628,4,KYLM,
5629,22,GNRL,
5630,22,GNRL,
5631,54,CLT 2,
5632,7,TCR,
5633,12,TVM,
5634,19,EPT,
5635,13,KLM,
5636,4,KYLM,
5637,22,GNRL,
5638,22,GNRL,
5639,62,KEK,
5640,11,PLKD,
5641,22,GNRL,
5642,22,GNRL,
5643,13,KLM,
5644,13,KLM,
5645,7,TCR,
5646,6,KTM,
5647,30,PMA,
5649,22,GNRL,
5650,4,KYLM,
5652,1,EKM1,
5653,33,MVPA,
5654,22,GNRL,
5655,22,GNRL,
5656,22,GNRL,
5657,22,GNRL,
5658,13,KLM,
5659,12,TVM,
5660,2,EKM2,
5661,22,GNRL,
5662,12,TVM,
5663,22,GNRL,
5664,11,PLKD,
5665,30,PMA,
5666,3,PK,
5667,13,KLM,
5668,7,TCR,
5669,2,EKM2,
5670,12,TVM,
5671,9,ALPY,
5672,1,EKM1,
5673,1,EKM1,
5674,11,PLKD,
5675,22,GNRL,
5676,22,GNRL,
5677,22,GNRL,
5678,10,MLPM,
5679,22,GNRL,
5680,12,TVM,
5681,54,CLT 2,
5682,27,CLT 1,
5683,19,EPT,
5684,30,PMA,
5685,6,KTM,
5686,4,KYLM,
5687,13,KLM,
5688,22,GNRL,
5689,33,MVPA,
5690,22,GNRL,
5691,22,GNRL,
5692,12,TVM,
5693,12,TVM,
5694,10,MLPM,
5695,22,GNRL,
5696,22,GNRL,
5697,1,EKM1,
5698,3,PK,
5699,22,GNRL,
5700,54,CLT 2,
5701,54,CLT 2,
5702,22,GNRL,
5703,22,GNRL,
5704,22,GNRL,
5705,13,KLM,
5706,8,TCR 2,
5707,54,CLT 2,
5708,22,GNRL,
5709,22,GNRL,
5710,12,TVM,
5711,13,KLM,
5712,1,EKM1,
5713,1,EKM1,
5714,3,PK,
5715,4,KYLM,
5717,13,KLM,
5718,13,KLM,
5720,6,KTM,
5721,52,TCR2,
5722,33,MVPA,
5723,6,KTM,
5724,54,CLT 2,
5725,4,KYLM,
5726,22,GNRL,
5727,1,EKM1,
5728,27,CLT 1,
5729,22,GNRL,
5730,6,KTM,
5731,22,GNRL,
5732,2,EKM2,
5733,22,GNRL,
5734,7,TCR,
5735,13,KLM,
5736,13,KLM,
5737,1,EKM1,
5738,30,PMA,
5739,22,GNRL,
5740,22,GNRL,
5741,11,PLKD,
5742,22,GNRL,
5743,23,TVM 2,
5744,23,TVM 2,
5745,54,CLT 2,
5746,10,MLPM,
5747,30,PMA,
5748,22,GNRL,
5749,22,GNRL,
5750,3,PK,
5751,6,KTM,
5752,7,TCR,
5753,22,GNRL,
5754,22,GNRL,
5755,8,TCR 2,
5756,12,TVM,
5757,13,KLM,
5758,22,GNRL,
5759,4,KYLM,
5760,6,KTM,
5761,6,KTM,
5762,10,MLPM,
5763,13,KLM,
5764,33,MVPA,
5765,19,EPT,
5766,22,GNRL,
5767,27,CLT 1,
5768,22,GNRL,
5769,22,GNRL,
5770,11,PLKD,
5771,9,ALPY,
5772,54,CLT 2,
5773,54,CLT 2,
5774,62,KEK,
5775,27,CLT 1,
5776,22,GNRL,
5777,8,TCR 2,
5778,22,GNRL,
5779,7,TCR,
5780,52,TCR2,
5781,8,TCR 2,
5782,19,EPT,
5783,3,PK,
5784,6,KTM,
5785,54,CLT 2,
5786,54,CLT 2,
5787,8,TCR 2,
5788,10,MLPM,
5789,1,EKM1,
5790,3,PK,
5791,13,KLM,
5792,22,GNRL,
5793,12,TVM,
5794,13,KLM,
5795,54,CLT 2,
5796,27,CLT 1,
5797,4,KYLM,
5798,7,TCR,
5799,22,GNRL,
5800,54,CLT 2,
5801,33,MVPA,
5802,2,EKM2,
5803,1,EKM1,
5804,7,TCR,
5805,3,PK,
5806,22,GNRL,
5807,22,GNRL,
5808,22,GNRL,
5809,7,TCR,
5810,22,GNRL,
5811,22,GNRL,
5812,22,GNRL,
5813,12,TVM,
5814,1,EKM1,
5815,6,KTM,
5816,22,GNRL,
5817,12,TVM,
5818,19,EPT,
5819,19,EPT,
5820,13,KLM,
5821,11,PLKD,
5822,22,GNRL,
5823,12,TVM,
5824,8,TCR 2,
5825,22,GNRL,
5826,30,PMA,
5827,3,PK,
5828,22,GNRL,
5829,1,EKM1,
5830,12,TVM,
5831,30,PMA,
5832,1,EKM1,
5833,1,EKM1,
5834,23,TVM 2,
5835,22,GNRL,
5836,13,KLM,
5837,8,TCR 2,
5839,22,GNRL,
5840,12,TVM,
5841,22,GNRL,
5842,8,TCR 2,
5843,8,TCR 2,
5844,13,KLM,
5845,10,MLPM,
5846,22,GNRL,
5847,54,CLT 2,
5848,22,GNRL,
5849,22,GNRL,
5850,8,TCR 2,
5851,10,MLPM,
5852,7,TCR,
5853,1,EKM1,
5854,33,MVPA,
5855,2,EKM2,
5856,22,GNRL,
5857,33,MVPA,
5858,10,MLPM,
5859,10,MLPM,
5860,22,GNRL,
5861,22,GNRL,
5862,30,PMA,
5863,2,EKM2,
5864,30,PMA,
5865,2,EKM2,
5866,22,GNRL,
5867,6,KTM,
5868,22,GNRL,
5869,22,GNRL,
5870,22,GNRL,
5871,13,KLM,
5872,23,TVM 2,
5873,19,EPT,
5874,10,MLPM,
5875,1,EKM1,
5876,22,GNRL,
5877,12,TVM,
5878,6,KTM,
5879,22,GNRL,
5880,23,TVM 2,
5881,8,TCR 2,
5882,7,TCR,
5883,30,PMA,
5884,2,EKM2,
5885,22,GNRL,
5886,22,GNRL,
5887,10,MLPM,
5888,12,TVM,
5889,7,TCR,
5890,7,TCR,
5891,8,TCR 2,
5892,22,GNRL,
5893,22,GNRL,
5894,22,GNRL,
5895,13,KLM,
5896,6,KTM,
5897,22,GNRL,
5898,11,PLKD,
5899,12,TVM,
5900,22,GNRL,
5901,33,MVPA,
5902,30,PMA,
5903,1,EKM1,
5904,22,GNRL,
5905,1,EKM1,
5906,54,CLT 2,
5907,7,TCR,
5908,4,KYLM,
5909,1,EKM1,
5910,22,GNRL,
5911,22,GNRL,
5912,4,KYLM,
5913,13,KLM,
5914,10,MLPM,
5915,22,GNRL,
5916,9,ALPY,
5917,22,GNRL,
5918,7,TCR,
5919,8,TCR 2,
5920,22,GNRL,
5921,7,TCR,
5922,12,TVM,
5923,3,PK,
5924,11,PLKD,
5925,54,CLT 2,
5926,22,GNRL,
5927,22,GNRL,
5928,6,KTM,
5929,22,GNRL,
5930,3,PK,
5931,11,PLKD,
5932,22,GNRL,
5933,19,EPT,
5934,10,MLPM,
5935,2,EKM2,
5936,1,EKM1,
5937,13,KLM,
5938,4,KYLM,
5939,13,KLM,
5940,11,PLKD,
5941,1,EKM1,
5942,30,PMA,
5943,22,GNRL,
5944,22,GNRL,
5945,22,GNRL,
5946,4,KYLM,
5947,7,TCR,
5948,54,CLT 2,
5949,4,KYLM,
5951,10,MLPM,
5953,19,EPT,
5954,22,GNRL,
5955,3,PK,
5956,22,GNRL,
5957,13,KLM,
5958,7,TCR,
5959,54,CLT 2,
5960,12,TVM,
5961,22,GNRL,
5962,22,GNRL,
5963,22,GNRL,
5964,13,KLM,
5965,7,TCR,
5966,22,GNRL,
5967,22,GNRL,
5968,13,KLM,
5970,7,TCR,
5971,12,TVM,
5972,3,PK,
5973,22,GNRL,
5974,22,GNRL,
5975,22,GNRL,
5976,22,GNRL,
5977,22,GNRL,
5978,13,KLM,
5979,12,TVM,
5981,12,TVM,
5982,22,GNRL,
5983,22,GNRL,
5984,7,TCR,
5985,22,GNRL,
5986,27,CLT 1,
5987,23,TVM 2,
5988,30,PMA,
5990,13,KLM,
5991,22,GNRL,
5992,1,EKM1,
5994,3,PK,
5995,1,EKM1,
5996,11,PLKD,
5997,4,KYLM,
5999,22,GNRL,
6000,22,GNRL,
6001,22,GNRL,
6002,7,TCR,
6003,9,ALPY,
6005,12,TVM,
6006,19,EPT,
6007,54,CLT 2,
6008,22,GNRL,
6009,6,KTM,
6010,13,KLM,
6011,13,KLM,
6012,2,EKM2,
6014,12,TVM,
6015,23,TVM 2,
6016,11,PLKD,
6017,22,GNRL,
6018,1,EKM1,
6020,22,GNRL,
6021,12,TVM,
6023,22,GNRL,
6024,4,KYLM,
6025,22,GNRL,
6026,11,PLKD,
6027,54,CLT 2,
6028,22,GNRL,
6029,7,TCR,
6031,10,MLPM,
6032,11,PLKD,
6033,11,PLKD,
6034,12,TVM,
6035,19,EPT,
6038,8,TCR 2,
6039,22,GNRL,
6040,30,PMA,
6041,7,TCR,
6042,10,MLPM,
6043,7,TCR,
6044,22,GNRL,
6045,1,EKM1,
6046,13,KLM,
6047,8,TCR 2,
6048,7,TCR,
6049,23,TVM 2,
6050,30,PMA,
6051,3,PK,
6052,22,GNRL,
6053,54,CLT 2,
6054,7,TCR,
6055,22,GNRL,
6056,22,GNRL,
6057,22,GNRL,
6058,11,PLKD,
6059,11,PLKD,
6060,22,GNRL,
6061,22,GNRL,
6062,13,KLM,
6063,13,KLM,
6064,54,CLT 2,
6065,23,TVM 2,
6066,7,TCR,
6067,22,GNRL,
6068,12,TVM,
6069,30,PMA,
6070,10,MLPM,
6071,10,MLPM,
6072,22,GNRL,
6073,22,GNRL,
6074,7,TCR,
6075,22,GNRL,
6076,8,TCR 2,
6077,13,KLM,
6078,1,EKM1,
6079,30,PMA,
6080,8,TCR 2,
6081,22,GNRL,
6082,10,MLPM,
6083,22,GNRL,
6084,54,CLT 2,
6085,54,CLT 2,
6086,13,KLM,
6087,19,EPT,
6088,10,MLPM,
6089,22,GNRL,
6090,8,TCR 2,
6091,6,KTM,
6092,54,CLT 2,
6093,22,GNRL,
6102,22,GNRL,
6103,4,KYLM,
6104,3,PK,
6105,3,PK,
6106,22,GNRL,
6107,52,TCR2,
6108,10,MLPM,
6109,22,GNRL,
6110,11,PLKD,
6111,10,MLPM,
6112,22,GNRL,
6113,1,EKM1,
6114,22,GNRL,
6115,10,MLPM,
6116,22,GNRL,
6117,6,KTM,
6118,22,GNRL,
6119,22,GNRL,
6120,54,CLT 2,
6121,19,EPT,
6122,22,GNRL,
6123,22,GNRL,
6124,22,GNRL,
6125,19,EPT,
6126,4,KYLM,
6127,13,KLM,
6128,19,EPT,
6130,33,MVPA,
6132,8,TCR 2,
6133,52,TCR2,
6134,2,EKM2,
6135,52,TCR2,
6136,22,GNRL,
6138,2,EKM2,
6139,12,TVM,
6140,33,MVPA,
6141,54,CLT 2,
6142,10,MLPM,
6143,4,KYLM,
6144,12,TVM,
6145,11,PLKD,
6146,3,PK,
6147,12,TVM,
6148,22,GNRL,
6149,8,TCR 2,
6150,54,CLT 2,
6151,22,GNRL,
6152,22,GNRL,
6153,12,TVM,
6154,12,TVM,
6155,22,GNRL,
6156,1,EKM1,
6157,8,TCR 2,
6158,54,CLT 2,
6159,4,KYLM,
6160,10,MLPM,
6161,22,GNRL,
6162,27,CLT 1,
6163,13,KLM,
6164,22,GNRL,
6165,22,GNRL,
6166,12,TVM,
6167,19,EPT,
6168,33,MVPA,
6169,3,PK,
6170,22,GNRL,
6171,13,KLM,
6172,30,PMA,
6173,1,EKM1,
6174,2,EKM2,
6175,33,MVPA,
6176,3,PK,
6178,7,TCR,
6179,33,MVPA,
6180,23,TVM 2,
6181,3,PK,
6182,12,TVM,
6183,54,CLT 2,
6184,3,PK,
6185,13,KLM,
6186,22,GNRL,
6187,23,TVM 2,
6188,1,EKM1,
6189,22,GNRL,
6190,23,TVM 2,
6191,22,GNRL,
6192,19,EPT,
6193,2,EKM2,
6194,22,GNRL,
6195,27,CLT 1,
6196,6,KTM,
6197,22,GNRL,
6198,22,GNRL,
6199,54,CLT 2,
6200,3,PK,
6201,10,MLPM,
6202,11,PLKD,
6203,22,GNRL,
6204,22,GNRL,
6205,22,GNRL,
6206,19,EPT,
6207,8,TCR 2,
6208,12,TVM,
6209,7,TCR,
6210,12,TVM,
6211,11,PLKD,
6212,52,TCR2,
6213,1,EKM1,
6214,52,TCR2,
6215,8,TCR 2,
6216,22,GNRL,
6217,13,KLM,
6218,22,GNRL,
6219,22,GNRL,
6220,9,ALPY,
6221,22,GNRL,
6222,7,TCR,
6223,2,EKM2,
6224,22,GNRL,
6225,30,PMA,
6226,7,TCR,
6227,22,GNRL,
6228,22,GNRL,
6229,22,GNRL,
6230,22,GNRL,
6231,22,GNRL,
6232,11,PLKD,
6233,22,GNRL,
6234,7,TCR,
6235,7,TCR,
6236,4,KYLM,
6237,11,PLKD,
6238,7,TCR,
6239,7,TCR,
6240,3,PK,
6241,2,EKM2,
6242,7,TCR,
6243,30,PMA,
6244,11,PLKD,
6245,23,TVM 2,
6246,30,PMA,
6247,1,EKM1,
6249,22,GNRL,
6250,19,EPT,
6251,12,TVM,
6252,19,EPT,
6253,22,GNRL,
6254,22,GNRL,
6255,1,EKM1,
6256,30,PMA,
6257,2,EKM2,
6258,1,EKM1,
6259,13,KLM,
6261,7,TCR,
6262,10,MLPM,
6263,22,GNRL,
6264,22,GNRL,
6265,7,TCR,
6266,22,GNRL,
6267,12,TVM,
6268,4,KYLM,
6269,7,TCR,
6270,22,GNRL,
6271,13,KLM,
6272,1,EKM1,
6273,22,GNRL,
6274,22,GNRL,
6275,11,PLKD,
6276,22,GNRL,
6277,1,EKM1,
6278,22,GNRL,
6279,8,TCR 2,
6280,8,TCR 2,
6281,2,EKM2,
6282,10,MLPM,
6283,4,KYLM,
6284,22,GNRL,
6285,22,GNRL,
6286,60,EKM1,
6287,22,GNRL,
6288,22,GNRL,
6289,33,MVPA,
6290,3,PK,
6291,22,GNRL,
6292,30,PMA,
6293,30,PMA,
6294,30,PMA,
6295,2,EKM2,
6296,13,KLM,
6297,12,TVM,
6298,12,TVM,
6299,23,TVM 2,
6300,22,GNRL,
6301,22,GNRL,
6334,22,GNRL,
6335,2,EKM2,
6336,22,GNRL,
6337,19,EPT,
6338,12,TVM,
6339,54,CLT 2,
6340,13,KLM,
6341,13,KLM,
6342,19,EPT,
6343,23,TVM 2,
6344,11,PLKD,
6345,10,MLPM,
6346,54,CLT 2,
6349,22,GNRL,
6351,22,GNRL,
6352,10,MLPM,
6353,22,GNRL,
6356,12,TVM,
6357,7,TCR,
6358,54,CLT 2,
6359,13,KLM,
6360,12,TVM,
6361,30,PMA,
6362,22,GNRL,
6363,22,GNRL,
6364,12,TVM,
6365,11,PLKD,
6366,22,GNRL,
6367,6,KTM,
6369,54,CLT 2,
6370,7,TCR,
6371,11,PLKD,
6372,22,GNRL,
6373,3,PK,
6374,22,GNRL,
6375,23,TVM 2,
6376,27,CLT 1,
6377,27,CLT 1,
6378,7,TCR,
6379,23,TVM 2,
6380,3,PK,
6381,10,MLPM,
6382,22,GNRL,
6383,22,GNRL,
6384,13,KLM,
6386,3,PK,
6387,60,EKM1,
6388,3,PK,
6389,54,CLT 2,
6390,22,GNRL,
6391,3,PK,
6392,7,TCR,
6393,22,GNRL,
6394,22,GNRL,
6395,13,KLM,
6396,33,MVPA,
6397,13,KLM,
6398,22,GNRL,
6399,23,TVM 2,
6400,22,GNRL,
6401,22,GNRL,
6402,22,GNRL,
6403,33,MVPA,
6404,22,GNRL,
6405,52,TCR2,
6406,3,PK,
6407,7,TCR,
6408,12,TVM,
6409,7,TCR,
6410,22,GNRL,
6411,13,KLM,
6412,33,MVPA,
6413,33,MVPA,
6414,22,GNRL,
6415,9,ALPY,
6416,7,TCR,
6417,3,PK,
6418,11,PLKD,
6419,6,KTM,
6420,12,TVM,
6421,3,PK,
6422,33,MVPA,
6423,11,PLKD,
6424,22,GNRL,
6425,19,EPT,
6426,30,PMA,
6427,54,CLT 2,
6428,22,GNRL,
6429,4,KYLM,
6430,2,EKM2,
6431,22,GNRL,
6432,22,GNRL,
6433,54,CLT 2,
6434,1,EKM1,
6435,22,GNRL,
6436,13,KLM,
6437,2,EKM2,
6438,8,TCR 2,
6439,13,KLM,
6441,7,TCR,
6442,9,ALPY,
6443,6,KTM,
6444,8,TCR 2,
6445,54,CLT 2,
6446,54,CLT 2,
6447,23,TVM 2,
6448,8,TCR 2,
6449,30,PMA,
6450,12,TVM,
6451,7,TCR,
6452,2,EKM2,
6453,62,KEK,
6455,7,TCR,
6456,3,PK,
6457,10,MLPM,
6458,7,TCR,
6459,6,KTM,
6460,10,MLPM,
6461,13,KLM,
6462,1,EKM1,
6463,7,TCR,
6464,52,TCR2,
6465,10,MLPM,
6466,23,TVM 2,
6467,54,CLT 2,
6468,33,MVPA,
6469,30,PMA,
6470,22,GNRL,
6471,22,GNRL,
6472,12,TVM,
6473,22,GNRL,
6474,1,EKM1,
6475,13,KLM,
6476,30,PMA,
6477,7,TCR,
6478,30,PMA,
6479,8,TCR 2,
6480,62,KEK,
6481,54,CLT 2,
6482,7,TCR,
6483,1,EKM1,
6484,22,GNRL,
6485,33,MVPA,
6486,13,KLM,
6487,7,TCR,
6488,7,TCR,
6489,8,TCR 2,
6490,33,MVPA,
6491,22,GNRL,
6492,22,GNRL,
6493,22,GNRL,
6494,12,TVM,
6495,9,ALPY,
6497,6,KTM,
6498,22,GNRL,
6499,30,PMA,
6500,23,TVM 2,
6502,12,TVM,
6503,22,GNRL,
6505,4,KYLM,
6506,22,GNRL,
6507,13,KLM,
6508,7,TCR,
6509,7,TCR,
6510,7,TCR,
6511,7,TCR,
6512,22,GNRL,
6513,11,PLKD,
6514,12,TVM,
6515,6,KTM,
6516,22,GNRL,
6517,10,MLPM,
6518,7,TCR,
6519,1,EKM1,
6520,13,KLM,
6521,1,EKM1,
6522,13,KLM,
6523,22,GNRL,
6525,2,EKM2,
6526,22,GNRL,
6527,11,PLKD,
6528,13,KLM,
6529,12,TVM,
6530,22,GNRL,
6531,2,EKM2,
6534,11,PLKD,
6535,52,TCR2,
6536,62,KEK,
6537,7,TCR,
6538,10,MLPM,
6539,7,TCR,
6540,22,GNRL,
6541,2,EKM2,
6542,33,MVPA,
6543,54,CLT 2,
6544,30,PMA,
6545,12,TVM,
6546,22,GNRL,
6547,60,EKM1,
6549,22,GNRL,
6550,3,PK,
6551,4,KYLM,
6552,62,KEK,
6553,12,TVM,
6554,4,KYLM,
6555,22,GNRL,
6556,22,GNRL,
6557,6,KTM,
6558,8,TCR 2,
6559,22,GNRL,
6560,22,GNRL,
6561,22,GNRL,
6562,27,CLT 1,
6563,23,TVM 2,
6564,8,TCR 2,
6565,1,EKM1,
6566,13,KLM,
6567,54,CLT 2,
6568,8,TCR 2,
6569,62,KEK,
6570,22,GNRL,
6571,10,MLPM,
6572,10,MLPM,
6573,54,CLT 2,
6574,7,TCR,
6575,22,GNRL,
6576,7,TCR,
6577,4,KYLM,
6578,30,PMA,
6580,22,GNRL,
6581,22,GNRL,
6582,4,KYLM,
6583,12,TVM,
6585,22,GNRL,
6586,22,GNRL,
6587,22,GNRL,
6588,22,GNRL,
6589,62,KEK,
6590,22,GNRL,
6591,1,EKM1,
6592,7,TCR,
6593,22,GNRL,
6594,12,TVM,
6595,13,KLM,
6596,22,GNRL,
6597,3,PK,
6598,12,TVM,
6599,22,GNRL,
6600,13,KLM,
6601,22,GNRL,
6602,6,KTM,
6603,54,CLT 2,
6604,1,EKM1,
6605,13,KLM,
6606,13,KLM,
6607,2,EKM2,
6608,22,GNRL,
6609,22,GNRL,
6610,22,GNRL,
6611,60,EKM1,
6612,4,KYLM,
6613,22,GNRL,
6614,33,MVPA,
6615,3,PK,
6616,12,TVM,
6617,2,EKM2,
6618,22,GNRL,
6619,13,KLM,
6620,4,KYLM,
6621,52,TCR2,
6622,62,KEK,
6623,52,TCR2,
6624,19,EPT,
6626,22,GNRL,
6627,19,EPT,
6628,2,EKM2,
6629,3,PK,
6630,10,MLPM,
6631,22,GNRL,
6632,22,GNRL,
6633,23,TVM 2,
6634,9,ALPY,
6635,2,EKM2,
6636,1,EKM1,
6637,7,TCR,
6638,22,GNRL,
6639,1,EKM1,
6640,8,TCR 2,
6641,6,KTM,
6644,10,MLPM,
6645,22,GNRL,
6646,13,KLM,
6647,63,KLM,
6648,22,GNRL,
6649,22,GNRL,
6650,8,TCR 2,
6651,7,TCR,
6652,7,TCR,
6653,22,GNRL,
6654,62,KEK,
6655,13,KLM,
6656,22,GNRL,
6657,6,KTM,
6658,19,EPT,
6660,19,EPT,
6661,12,TVM,
6662,7,TCR,
6663,54,CLT 2,
6664,7,TCR,
6665,9,ALPY,
6666,3,PK,
6667,12,TVM,
6669,6,KTM,
6670,22,GNRL,
6671,12,TVM,
6672,6,KTM,
6673,33,MVPA,
6674,22,GNRL,
6675,30,PMA,
6676,22,GNRL,
6677,1,EKM1,
6678,54,CLT 2,
6679,22,GNRL,
6680,62,KEK,
6681,62,KEK,
6682,54,CLT 2,
6683,12,TVM,
6684,13,KLM,
6685,22,GNRL,
6686,54,CLT 2,
6687,19,EPT,
6688,62,KEK,
6689,12,TVM,
6690,22,GNRL,
6691,7,TCR,
6692,6,KTM,
6693,12,TVM,
6695,62,KEK,
6696,2,EKM2,
6697,22,GNRL,
6698,22,GNRL,
6699,60,EKM1,
6700,4,KYLM,
6702,22,GNRL,
6703,10,MLPM,
6704,54,CLT 2,
6705,30,PMA,
6706,54,CLT 2,
6707,22,GNRL,
6713,54,CLT 2,
6714,12,TVM,
6715,22,GNRL,
6716,33,MVPA,
6717,8,TCR 2,
6718,54,CLT 2,
6719,22,GNRL,
6720,22,GNRL,
6721,12,TVM,
6722,22,GNRL,
6723,2,EKM2,
6724,22,GNRL,
6725,22,GNRL,
6726,33,MVPA,
6727,2,EKM2,
6728,2,EKM2,
6729,12,TVM,
6730,13,KLM,
6731,62,KEK,
6732,54,CLT 2,
6733,6,KTM,
6734,22,GNRL,
6735,12,TVM,
6736,23,TVM 2,
6737,22,GNRL,
6738,9,ALPY,
6739,4,KYLM,
6740,12,TVM,
6741,54,CLT 2,
6742,13,KLM,
6743,8,TCR 2,
6744,7,TCR,
6745,6,KTM,
6746,54,CLT 2,
6747,22,GNRL,
6748,54,CLT 2,
6749,13,KLM,
6750,10,MLPM,
6751,22,GNRL,
6752,3,PK,
6753,6,KTM,
6754,30,PMA,
6755,13,KLM,
6756,12,TVM,
6757,4,KYLM,
6758,62,KEK,
6759,8,TCR 2,
6760,8,TCR 2,
6761,2,EKM2,
6762,13,KLM,
6763,6,KTM,
6764,33,MVPA,
6765,13,KLM,
6766,54,CLT 2,
6767,9,ALPY,
6768,7,TCR,
6769,10,MLPM,
6770,7,TCR,
6771,13,KLM,
6772,3,PK,
6773,6,KTM,
6774,22,GNRL,
6775,62,KEK,
6776,8,TCR 2,
6777,12,TVM,
6778,33,MVPA,
6779,12,TVM,
6780,3,PK,
6781,13,KLM,
6782,3,PK,
6783,12,TVM,
6784,22,GNRL,
6785,22,GNRL,
6786,7,TCR,
6787,8,TCR 2,
6788,22,GNRL,
6789,10,MLPM,
6790,22,GNRL,
6791,22,GNRL,
6792,22,GNRL,
6793,22,GNRL,
6795,10,MLPM,
6796,1,EKM1,
6797,13,KLM,
6798,22,GNRL,
6799,54,CLT 2,
6800,54,CLT 2,
6801,7,TCR,
6802,22,GNRL,
6803,10,MLPM,
6804,7,TCR,
6805,7,TCR,
6806,30,PMA,
6807,6,KTM,
6808,22,GNRL,
6809,6,KTM,
6810,54,CLT 2,
6811,1,EKM1,
6812,22,GNRL,
6813,6,KTM,
6814,13,KLM,
6815,1,EKM1,
6816,10,MLPM,
6817,10,MLPM,
6818,19,EPT,
6819,33,MVPA,
6820,10,MLPM,
6821,7,TCR,
6822,1,EKM1,
6823,13,KLM,
6824,13,KLM,
6825,62,KEK,
6826,1,EKM1,
6827,54,CLT 2,
6828,11,PLKD,
6829,33,MVPA,
6830,22,GNRL,
6831,22,GNRL,
6832,11,PLKD,
6833,7,TCR,
6834,1,EKM1,
6835,22,GNRL,
6836,57,PK,
6837,7,TCR,
6838,22,GNRL,
6839,33,MVPA,
6840,22,GNRL,
6841,22,GNRL,
6842,54,CLT 2,
6843,22,GNRL,
6844,7,TCR,
6845,22,GNRL,
6846,22,GNRL,
6848,8,TCR 2,
6849,12,TVM,
6850,6,KTM,
6851,54,CLT 2,
6852,7,TCR,
6853,7,TCR,
6854,27,CLT 1,
6855,33,MVPA,
6856,6,KTM,
6857,9,ALPY,
6858,11,PLKD,
6859,22,GNRL,
6860,23,TVM 2,
6861,54,CLT 2,
6862,4,KYLM,
6863,22,GNRL,
6864,7,TCR,
6866,11,PLKD,
6867,7,TCR,
6868,11,PLKD,
6869,54,CLT 2,
6870,54,CLT 2,
6871,62,KEK,
6872,22,GNRL,
6873,22,GNRL,
6874,10,MLPM,
6875,63,KLM,
6876,7,TCR,
6877,22,GNRL,
6878,3,PK,
6879,22,GNRL,
6880,12,TVM,
6881,6,KTM,
6882,12,TVM,
6883,22,GNRL,
6884,13,KLM,
6885,22,GNRL,
6886,8,TCR 2,
6887,22,GNRL,
6888,54,CLT 2,
6889,12,TVM,
6890,8,TCR 2,
6891,54,CLT 2,
6892,54,CLT 2,
6893,10,MLPM,
6894,2,EKM2,
6895,7,TCR,
6896,2,EKM2,
6897,22,GNRL,
6898,3,PK,
6899,54,CLT 2,
6900,22,GNRL,
6901,54,CLT 2,
6902,22,GNRL,
6904,22,GNRL,
6905,22,GNRL,
6906,9,ALPY,
6907,13,KLM,
6908,13,KLM,
6909,22,GNRL,
6910,22,GNRL,
6911,22,GNRL,
6912,54,CLT 2,
6913,22,GNRL,
6914,6,KTM,
6915,12,TVM,
6916,7,TCR,
6917,7,TCR,
6918,2,EKM2,
6919,12,TVM,
6920,9,ALPY,
6921,27,CLT 1,
6922,22,GNRL,
6923,22,GNRL,
6924,30,PMA,
6925,22,GNRL,
6926,1,EKM1,
6927,13,KLM,
6928,22,GNRL,
6929,4,KYLM,
6930,22,GNRL,
6931,3,PK,
6932,22,GNRL,
6933,54,CLT 2,
6934,54,CLT 2,
6935,8,TCR 2,
6936,1,EKM1,
6937,54,CLT 2,
6938,22,GNRL,
6939,6,KTM,
6940,54,CLT 2,
6941,22,GNRL,
6942,22,GNRL,
6943,10,MLPM,
6944,22,GNRL,
6945,2,EKM2,
6946,12,TVM,
6947,12,TVM,
6948,30,PMA,
6949,7,TCR,
6950,12,TVM,
6951,6,KTM,
6952,23,TVM 2,
6953,4,KYLM,
6954,22,GNRL,
6955,23,TVM 2,
6956,22,GNRL,
6957,13,KLM,
6958,22,GNRL,
6959,22,GNRL,
6960,54,CLT 2,
6961,19,EPT,
6962,13,KLM,
6963,30,PMA,
6964,22,GNRL,
6966,7,TCR,
6967,19,EPT,
6968,30,PMA,
6969,6,KTM,
6970,7,TCR,
6971,30,PMA,
6972,1,EKM1,
6973,2,EKM2,
6974,11,PLKD,
6975,22,GNRL,
6976,1,EKM1,
6977,13,KLM,
6978,22,GNRL,
6979,63,KLM,
6980,6,KTM,
6981,22,GNRL,
6982,22,GNRL,
6983,54,CLT 2,
6984,2,EKM2,
6985,8,TCR 2,
6986,3,PK,
6987,54,CLT 2,
6988,22,GNRL,
6989,10,MLPM,
6990,22,GNRL,
6991,54,CLT 2,
6992,10,MLPM,
6993,19,EPT,
6994,13,KLM,
6995,10,MLPM,
6996,8,TCR 2,
6997,13,KLM,
6998,8,TCR 2,
6999,10,MLPM,
7000,10,MLPM,
7001,22,GNRL,
7002,3,PK,
7003,54,CLT 2,
7004,22,GNRL,
7005,9,ALPY,
7006,23,TVM 2,
7007,22,GNRL,
7008,22,GNRL,
7009,7,TCR,
7010,22,GNRL,
7011,54,CLT 2,
7012,3,PK,
7013,11,PLKD,
7014,62,KEK,
7015,22,GNRL,
7016,54,CLT 2,
7017,10,MLPM,
7018,22,GNRL,
7019,6,KTM,
7020,6,KTM,
7021,6,KTM,
7022,8,TCR 2,
7023,54,CLT 2,
7024,7,TCR,
7025,22,GNRL,
7026,6,KTM,
7027,22,GNRL,
7028,22,GNRL,
7029,8,TCR 2,
7030,3,PK,
7031,30,PMA,
7032,54,CLT 2,
7033,2,EKM2,
7034,22,GNRL,
7035,30,PMA,
7036,22,GNRL,
7037,22,GNRL,
7038,4,KYLM,
7039,12,TVM,
7040,3,PK,
7041,4,KYLM,
7042,12,TVM,
7044,10,MLPM,
7045,33,MVPA,
7046,54,CLT 2,
7047,19,EPT,
7048,19,EPT,
7049,54,CLT 2,
7050,6,KTM,
7051,11,PLKD,
7052,22,GNRL,
7053,2,EKM2,
7054,54,CLT 2,
7055,22,GNRL,
7056,2,EKM2,
7057,2,EKM2,
7058,22,GNRL,
7059,54,CLT 2,
7060,22,GNRL,
7061,22,GNRL,
7062,22,GNRL,
7063,30,PMA,
7064,8,TCR 2,
7065,22,GNRL,
7066,22,GNRL,
7067,1,EKM1,
7068,22,GNRL,
7069,12,TVM,
7070,22,GNRL,
7071,23,TVM 2,
7072,12,TVM,
7073,54,CLT 2,
7074,54,CLT 2,
7075,27,CLT 1,
7076,10,MLPM,
7077,22,GNRL,
7078,22,GNRL,
7079,12,TVM,
7080,12,TVM,
7081,22,GNRL,
7082,22,GNRL,
7083,10,MLPM,
7084,7,TCR,
7085,54,CLT 2,
7086,54,CLT 2,
7087,54,CLT 2,
7089,54,CLT 2,
7090,54,CLT 2,
7091,27,CLT 1,
7092,27,CLT 1,
7093,33,MVPA,
7094,54,CLT 2,
7095,9,ALPY,
7128,54,CLT 2,
7129,54,CLT 2,
7130,63,KLM,
7131,2,EKM2,
7132,27,CLT 1,
7133,54,CLT 2,
7134,54,CLT 2,
7135,12,TVM,
7136,22,GNRL,
7137,54,CLT 2,
7138,10,MLPM,
7139,6,KTM,
7140,12,TVM,
7141,12,TVM,
7142,54,CLT 2,
7143,22,GNRL,
7144,11,PLKD,
7145,12,TVM,
7146,10,MLPM,
7147,6,KTM,
7148,1,EKM1,
7149,22,GNRL,
7150,8,TCR 2,
7151,11,PLKD,
7152,10,MLPM,
7153,9,ALPY,
7154,62,KEK,
7155,2,EKM2,
7156,12,TVM,
7158,30,PMA,
7159,27,CLT 1,
7160,54,CLT 2,
7161,6,KTM,
7162,12,TVM,
7163,12,TVM,
7164,1,EKM1,
7165,22,GNRL,
7166,22,GNRL,
7167,3,PK,
7168,7,TCR,
7169,10,MLPM,
7170,12,TVM,
7171,22,GNRL,
7172,11,PLKD,
7173,54,CLT 2,
7174,9,ALPY,
7175,54,CLT 2,
7176,22,GNRL,
7177,54,CLT 2,
7178,10,MLPM,
7179,30,PMA,
7180,1,EKM1,
7181,22,GNRL,
7182,30,PMA,
7183,22,GNRL,
7184,3,PK,
7185,22,GNRL,
7186,2,EKM2,
7187,22,GNRL,
7188,54,CLT 2,
7189,2,EKM2,
7190,22,GNRL,
7191,54,CLT 2,
7192,27,CLT 1,
7193,11,PLKD,
7194,30,PMA,
7195,23,TVM 2,
7196,54,CLT 2,
7197,30,PMA,
7198,22,GNRL,
7199,3,PK,
7200,2,EKM2,
7201,13,KLM,
7202,22,GNRL,
7203,13,KLM,
7204,9,ALPY,
7205,8,TCR 2,
7206,22,GNRL,
7207,22,GNRL,
7208,22,GNRL,
7209,62,KEK,
7210,22,GNRL,
7211,12,TVM,
7212,7,TCR,
7213,52,TCR2,
7214,22,GNRL,
7215,2,EKM2,
7216,6,KTM,
7217,7,TCR,
7218,2,EKM2,
7219,22,GNRL,
7220,7,TCR,
7221,22,GNRL,
7222,9,ALPY,
7223,13,KLM,
7224,7,TCR,
7225,27,CLT 1,
7226,30,PMA,
7227,33,MVPA,
7228,13,KLM,
7229,7,TCR,
7230,10,MLPM,
7231,22,GNRL,
7232,30,PMA,
7233,6,KTM,
7234,22,GNRL,
7235,22,GNRL,
7236,2,EKM2,
7238,1,EKM1,
7239,1,EKM1,
7240,22,GNRL,
7241,22,GNRL,
7242,7,TCR,
7243,13,KLM,
7244,19,EPT,
7245,7,TCR,
7246,54,CLT 2,
7247,6,KTM,
7248,12,TVM,
7250,22,GNRL,
7251,12,TVM,
7252,63,KLM,
7253,22,GNRL,
7254,4,KYLM,
7255,2,EKM2,
7257,4,KYLM,
7258,13,KLM,
7259,22,GNRL,
7260,6,KTM,
7261,12,TVM,
7262,22,GNRL,
7263,54,CLT 2,
7264,3,PK,
7266,22,GNRL,
7267,13,KLM,
7268,3,PK,
7270,12,TVM,
7271,8,TCR 2,
7272,22,GNRL,
7273,27,CLT 1,
7274,13,KLM,
7275,12,TVM,
7276,54,CLT 2,
7277,23,TVM 2,
7278,12,TVM,
7279,22,GNRL,
7280,4,KYLM,
7281,7,TCR,
7282,22,GNRL,
7283,6,KTM,
7284,7,TCR,
7285,22,GNRL,
7286,30,PMA,
7287,22,GNRL,
7288,63,KLM,
7289,10,MLPM,
7290,7,TCR,
7291,1,EKM1,
7292,8,TCR 2,
7293,22,GNRL,
7294,1,EKM1,
7295,1,EKM1,
7296,22,GNRL,
7297,22,GNRL,
7298,22,GNRL,
7299,9,ALPY,
7300,22,GNRL,
7301,22,GNRL,
7302,13,KLM,
7303,4,KYLM,
7304,22,GNRL,
7305,12,TVM,
7306,22,GNRL,
7307,30,PMA,
7308,23,TVM 2,
7309,22,GNRL,
7310,3,PK,
7311,27,CLT 1,
7312,1,EKM1,
7313,6,KTM,
7314,22,GNRL,
7315,6,KTM,
7316,13,KLM,
7317,30,PMA,
7318,8,TCR 2,
7319,22,GNRL,
7320,7,TCR,
7321,8,TCR 2,
7322,11,PLKD,
7323,6,KTM,
7324,7,TCR,
7325,22,GNRL,
7326,13,KLM,
7327,22,GNRL,
7328,7,TCR,
7329,22,GNRL,
7330,23,TVM 2,
7331,13,KLM,
7332,8,TCR 2,
7333,10,MLPM,
7334,13,KLM,
7335,22,GNRL,
7336,54,CLT 2,
7337,22,GNRL,
7338,19,EPT,
7339,6,KTM,
7340,13,KLM,
7341,22,GNRL,
7342,1,EKM1,
7343,4,KYLM,
7344,12,TVM,
7345,22,GNRL,
7346,22,GNRL,
7347,7,TCR,
7348,12,TVM,
7349,23,TVM 2,
7350,22,GNRL,
7351,4,KYLM,
7352,54,CLT 2,
7353,1,EKM1,
7354,13,KLM,
7355,6,KTM,
7356,22,GNRL,
7357,54,CLT 2,
7358,22,GNRL,
7359,13,KLM,
7360,2,EKM2,
7361,22,GNRL,
7362,22,GNRL,
7363,23,TVM 2,
7364,1,EKM1,
7365,6,KTM,
7366,13,KLM,
7367,22,GNRL,
7368,22,GNRL,
7369,22,GNRL,
7370,11,PLKD,
7371,2,EKM2,
7372,22,GNRL,
7374,7,TCR,
7375,22,GNRL,
7376,22,GNRL,
7377,19,EPT,
7378,8,TCR 2,
7379,22,GNRL,
7380,22,GNRL,
7381,22,GNRL,
7382,22,GNRL,
7383,3,PK,
7384,1,EKM1,
7385,22,GNRL,
7386,22,GNRL,
7387,8,TCR 2,
7388,22,GNRL,
7389,10,MLPM,
7390,10,MLPM,
7391,10,MLPM,
7392,10,MLPM,
7393,54,CLT 2,
7394,6,KTM,
7395,22,GNRL,
7396,22,GNRL,
7397,54,CLT 2,
7398,2,EKM2,
7399,10,MLPM,
7400,13,KLM,
7401,13,KLM,
7402,22,GNRL,
7403,33,MVPA,
7404,12,TVM,
7405,6,KTM,
7406,10,MLPM,
7407,1,EKM1,
7408,27,CLT 1,
7409,27,CLT 1,
7410,22,GNRL,
7411,33,MVPA,
7412,12,TVM,
7413,22,GNRL,
7414,22,GNRL,
7415,30,PMA,
7416,12,TVM,
7417,7,TCR,
7418,7,TCR,
7419,10,MLPM,
7420,13,KLM,
7421,22,GNRL,
7422,6,KTM,
7423,2,EKM2,
7424,19,EPT,
7425,13,KLM,
7426,8,TCR 2,
7427,22,GNRL,
7428,12,TVM,
7429,7,TCR,
7430,22,GNRL,
7431,6,KTM,
7432,22,GNRL,
7433,1,EKM1,
7434,22,GNRL,
7435,22,GNRL,
7436,64,CLT1,
7437,62,KEK,
7438,6,KTM,
7439,9,ALPY,
7440,22,GNRL,
7441,2,EKM2,
7442,2,EKM2,
7443,1,EKM1,
7444,6,KTM,
7445,54,CLT 2,
7448,13,KLM,
7449,9,ALPY,
7450,54,CLT 2,
7451,30,PMA,
7452,30,PMA,
7453,22,GNRL,
7454,8,TCR 2,
7455,2,EKM2,
7456,7,TCR,
7457,8,TCR 2,
7458,4,KYLM,
7459,30,PMA,
7460,54,CLT 2,
7461,30,PMA,
7462,54,CLT 2,
7463,8,TCR 2,
7464,22,GNRL,
7465,54,CLT 2,
7466,22,GNRL,
7467,12,TVM,
7468,12,TVM,
7469,6,KTM,
7470,6,KTM,
7471,22,GNRL,
7472,1,EKM1,
7473,22,GNRL,
7474,30,PMA,
7475,22,GNRL,
7476,22,GNRL,
7477,22,GNRL,
7478,22,GNRL,
7487,22,GNRL,
7488,27,CLT 1,
7489,54,CLT 2,
7490,9,ALPY,
7491,22,GNRL,
7492,13,KLM,
7493,22,GNRL,
7494,33,MVPA,
7495,22,GNRL,
7496,22,GNRL,
7497,3,PK,
7498,33,MVPA,
7499,19,EPT,
7500,6,KTM,
7501,22,GNRL,
7502,12,TVM,
7503,30,PMA,
7504,6,KTM,
7505,30,PMA,
7506,13,KLM,
7507,22,GNRL,
7508,22,GNRL,
7510,13,KLM,
7511,22,GNRL,
7512,12,TVM,
7513,22,GNRL,
7514,22,GNRL,
7515,12,TVM,
7516,13,KLM,
7517,13,KLM,
7518,13,KLM,
7519,8,TCR 2,
7520,67,MUVP,
7521,30,PMA,
7522,10,MLPM,
7523,22,GNRL,
7525,6,KTM,
7526,6,KTM,
7527,54,CLT 2,
7528,22,GNRL,
7529,30,PMA,
7530,22,GNRL,
7531,22,GNRL,
7532,22,GNRL,
7533,12,TVM,
7534,30,PMA,
7535,3,PK,
7536,22,GNRL,
7537,13,KLM,
7538,10,MLPM,
7539,9,ALPY,
7540,22,GNRL,
7541,22,GNRL,
7542,22,GNRL,
7543,13,KLM,
7544,10,MLPM,
7545,54,CLT 2,
7547,30,PMA,
7548,22,GNRL,
7549,54,CLT 2,
7550,54,CLT 2,
7551,62,KEK,
7552,54,CLT 2,
7553,1,EKM1,
7554,22,GNRL,
7555,22,GNRL,
7556,22,GNRL,
7557,13,KLM,
7558,7,TCR,
7559,3,PK,
7560,3,PK,
7561,57,PK,
7562,54,CLT 2,
7563,1,EKM1,
7564,6,KTM,
7568,22,GNRL,
7569,6,KTM,
7570,6,KTM,
7571,57,PK,
7572,22,GNRL,
7573,22,GNRL,
7574,22,GNRL,
7575,7,TCR,
7576,2,EKM2,
7577,54,CLT 2,
7578,22,GNRL,
7579,22,GNRL,
7580,3,PK,
7581,9,ALPY,
7582,1,EKM1,
7583,30,PMA,
7584,54,CLT 2,
7585,22,GNRL,
7586,22,GNRL,
7587,1,EKM1,
7588,54,CLT 2,
7589,12,TVM,
7590,23,TVM 2,
7591,22,GNRL,
7592,10,MLPM,
7593,57,PK,
7594,22,GNRL,
7595,8,TCR 2,
7596,22,GNRL,
7597,11,PLKD,
7598,13,KLM,
7599,23,TVM 2,
7600,30,PMA,
7601,22,GNRL,
7602,22,GNRL,
7603,22,GNRL,
7604,12,TVM,
7605,30,PMA,
7606,30,PMA,
7607,19,EPT,
7608,3,PK,
7609,54,CLT 2,
7610,4,KYLM,
7611,54,CLT 2,
7613,6,KTM,
7614,19,EPT,
7615,22,GNRL,
7616,10,MLPM,
7617,10,MLPM,
7618,12,TVM,
7619,19,EPT,
7620,64,CLT1,
7621,3,PK,
7624,33,MVPA,
7625,54,CLT 2,
7626,6,KTM,
7627,10,MLPM,
7628,57,PK,
7630,54,CLT 2,
7631,22,GNRL,
7632,57,PK,
7633,57,PK,
7634,54,CLT 2,
7635,22,GNRL,
7636,22,GNRL,
7637,54,CLT 2,
7638,12,TVM,
7639,1,EKM1,
7640,8,TCR 2,
7641,6,KTM,
7642,11,PLKD,
7643,54,CLT 2,
7644,22,GNRL,
7645,22,GNRL,
7646,22,GNRL,
7647,22,GNRL,
7648,22,GNRL,
7649,7,TCR,
7650,10,MLPM,
7651,8,TCR 2,
7652,22,GNRL,
7653,6,KTM,
